date,symbol,prev_close,pm_price,gap_pct,pm_volume,float_shares,captured_at,phase
2026-04-12,ZNTL,4.42,6.61,49.55,46116463,48670653,2026-04-12T16:49:01-04:00,pre_open
2026-04-12,OGN,6.91,8.83,27.79,38055722,258709502,2026-04-12T16:49:01-04:00,pre_open
2026-04-12,SIDU,3.34,4.25,27.25,48259136,35153372,2026-04-12T16:49:01-04:00,pre_open
2026-04-12,LWLG,8.44,10.6,25.59,13576594,146459526,2026-04-12T16:49:01-04:00,pre_open
2026-04-12,SPIR,17.92,21.56,20.31,6064844,28343095,2026-04-12T16:49:01-04:00,pre_open
2026-04-13,ALLO,2.72,4.0049,47.24,48233982,162195742,2026-04-13T10:28:50-04:00,pre_open
2026-04-13,RVMD,96.315,129.655,34.46,6264152,172247017,2026-04-13T10:28:50-04:00,pre_open
2026-04-13,SYRE,51.3311,64.34,25.44,2302993,52572996,2026-04-13T10:28:50-04:00,pre_open
2026-04-13,IDYA,30.6,36.6,20,4311449,86961353,2026-04-13T10:28:50-04:00,pre_open
2026-04-13,ALLO,2.72,3.775,38.79,53000400,162195742,2026-04-13T10:57:52-04:00,pre_open
2026-04-13,RVMD,96.43,131.745,36.62,7589627,172247017,2026-04-13T10:57:52-04:00,pre_open
2026-04-13,SYRE,51.29,63.3,23.42,2613525,52572996,2026-04-13T10:57:52-04:00,pre_open
2026-04-13,ALLO,2.7101,3.7701,38.61,53045019,162195742,2026-04-13T10:58:20-04:00,pre_open
2026-04-13,RVMD,96.42,131.74,36.62,7591603,172247017,2026-04-13T10:58:20-04:00,pre_open
2026-04-13,SYRE,51.29,63.0771,22.98,2614040,52572996,2026-04-13T10:58:20-04:00,pre_open
2026-04-13,RVMD,96.43,131.31,36.17,8063481,172247017,2026-04-13T11:17:52-04:00,pre_open
2026-04-13,ALLO,2.7249,3.4299,26.1,56971745,162195742,2026-04-13T11:17:52-04:00,pre_open
2026-04-13,RVMD,96.43,133.71,38.66,8902811,172247017,2026-04-13T11:53:40-04:00,pre_open
2026-04-13,ALLO,2.72,3.475,27.76,64005289,162195742,2026-04-13T11:53:40-04:00,pre_open
2026-04-13,HURA,2.27,2.8035,23.5,1855001,41234490,2026-04-13T11:53:40-04:00,pre_open
2026-04-13,SYRE,51.31,62.19,21.25,3412974,52572996,2026-04-13T11:53:40-04:00,pre_open
2026-04-13,RVMD,96.35,132.9,37.82,9018212,172247017,2026-04-13T11:57:30-04:00,pre_open
2026-04-13,ALLO,2.725,3.535,29.96,64425346,162195742,2026-04-13T11:57:30-04:00,pre_open
2026-04-13,SYRE,51.2899,63.25,23.32,3495149,52572996,2026-04-13T11:57:30-04:00,pre_open
2026-04-13,HURA,2.2689,2.7889,22.86,1894316,41234490,2026-04-13T11:57:30-04:00,pre_open
2026-04-13,RVMD,96.585,133.105,38.03,9035376,172247017,2026-04-13T11:58:57-04:00,pre_open
2026-04-14,TVTX,30.7057,40.4657,31.81,8388760,90502661,2026-04-14T10:46:28-04:00,pre_open
2026-04-14,BE,176.6,212.24,20.13,10010591,222533318,2026-04-14T10:46:28-04:00,pre_open
2026-04-14,TVTX,30.7,40.38,31.53,8711354,90502661,2026-04-14T10:58:09-04:00,pre_open
2026-04-14,BE,176.68,214.2,21.24,10867842,222533318,2026-04-14T10:58:09-04:00,pre_open
2026-04-14,IONQ,29.78,35.72,20.03,30179729,357284321,2026-04-14T10:58:09-04:00,pre_open
2026-04-14,TVTX,30.7,41.395,34.84,8883282,90502661,2026-04-14T11:02:41-04:00,pre_open
2026-04-14,BE,176.665,213.145,20.65,11089429,222533318,2026-04-14T11:02:41-04:00,pre_open
2026-04-14,TVTX,30.7,41.29,34.5,9113931,90502661,2026-04-14T11:17:06-04:00,pre_open
2026-04-14,BE,176.67,213.82,21.03,11724412,222533318,2026-04-14T11:17:06-04:00,pre_open
2026-04-14,TVTX,30.7,41.47,35.08,9482253,90502661,2026-04-14T11:47:28-04:00,pre_open
2026-04-14,BE,176.6067,217.3517,23.03,13670240,222533318,2026-04-14T11:47:28-04:00,pre_open
2026-04-14,CRDO,134.31,162.32,20.81,10912156,164882752,2026-04-14T11:47:28-04:00,pre_open
2026-04-14,TVTX,30.7,41.015,33.6,9838591,90502661,2026-04-14T11:51:14-04:00,pre_open
2026-04-14,BE,176.58,217.74,23.25,13799038,222533318,2026-04-14T11:51:14-04:00,pre_open
2026-04-14,CRDO,134.14,161.61,20.28,11086949,164882752,2026-04-14T11:51:14-04:00,pre_open
2026-04-14,TVTX,30.7,41.005,33.57,9856177,90502661,2026-04-14T11:53:31-04:00,pre_open
2026-04-14,BE,176.5101,217.39,23.05,13845899,222533318,2026-04-14T11:53:31-04:00,pre_open
2026-04-15,NNBR,1.57,2.19,39.49,4519759,44361624,2026-04-15T10:27:03-04:00,pre_open
2026-04-15,NNBR,1.57,2.01,28.03,7922783,44361624,2026-04-15T10:51:25-04:00,pre_open
2026-04-15,NNBR,1.575,2.045,30.25,8114515,44361624,2026-04-15T10:58:00-04:00,pre_open
2026-04-15,NNBR,1.57,2.03,29.3,8516313,44361624,2026-04-15T11:09:02-04:00,pre_open
2026-04-15,NNBR,1.57,2.01,28.03,9402761,44361624,2026-04-15T11:44:53-04:00,pre_open
2026-04-15,QBTS,16.9696,20.365,20.01,53199152,357924919,2026-04-15T11:49:04-04:00,pre_open
2026-04-15,NNBR,1.575,2,27.39,9466435,44361624,2026-04-15T11:53:05-04:00,pre_open
2026-04-16,CDNA,17.57,22.42,27.6,1253119,49617882,2026-04-16T10:49:38-04:00,pre_open
2026-04-16,EVTL,2.66,3.235,21.62,5298402,96079852,2026-04-16T10:49:38-04:00,pre_open
2026-04-16,CDNA,17.57,21.9563,24.96,1392976,49617882,2026-04-16T11:09:31-04:00,pre_open
2026-04-16,EVTL,2.66,3.245,21.99,6034003,96079852,2026-04-16T11:09:31-04:00,pre_open
2026-04-16,AXTI,62.93,76.45,21.48,8102852,36900669,2026-04-16T11:09:31-04:00,pre_open
2026-04-16,NN,16.925,20.545,21.07,3040060,63505437,2026-04-16T11:09:31-04:00,pre_open
2026-04-16,ACHV,3.56,4.46,25.63,4370852,47129102,2026-04-16T11:13:24-04:00,pre_open
2026-04-16,CDNA,17.57,22.05,25.5,1447838,49617882,2026-04-16T11:13:24-04:00,pre_open
2026-04-16,EVTL,2.6551,3.315,24.62,6260827,96079852,2026-04-16T11:13:24-04:00,pre_open
2026-04-16,AXTI,62.9467,76.3567,21.34,8331007,36900669,2026-04-16T11:13:24-04:00,pre_open
2026-04-16,NN,16.97,20.47,20.62,3072494,63505437,2026-04-16T11:13:24-04:00,pre_open
2026-04-16,EVTL,2.66,3.4404,29.34,7647797,96079852,2026-04-16T11:43:39-04:00,pre_open
2026-04-16,ACHV,3.55,4.54,27.89,5046292,47129102,2026-04-16T11:43:39-04:00,pre_open
2026-04-16,AXTI,62.93,77.0301,22.41,9830055,36900669,2026-04-16T11:43:39-04:00,pre_open
2026-04-16,CDNA,17.57,21.325,21.37,1552239,49617882,2026-04-16T11:43:39-04:00,pre_open
2026-04-16,NN,16.97,20.435,20.42,3623678,63505437,2026-04-16T11:43:39-04:00,pre_open
2026-04-16,ACHV,3.55,5.0126,41.2,8400655,47129102,2026-04-16T12:01:30-04:00,pre_open
2026-04-16,EVTL,2.66,3.51,31.95,8797858,96079852,2026-04-16T12:01:30-04:00,pre_open
2026-04-16,CDNA,17.57,21.57,22.77,1634719,49617882,2026-04-16T12:01:30-04:00,pre_open
2026-04-16,AXTI,62.9818,76.365,21.35,10251143,36900669,2026-04-16T12:01:30-04:00,pre_open
2026-04-16,NN,16.97,20.4212,20.34,3835314,63505437,2026-04-16T12:01:30-04:00,pre_open
2026-04-16,ACHV,3.55,5.05,42.25,9332544,47129102,2026-04-16T12:07:09-04:00,pre_open
2026-04-16,EVTL,2.665,3.495,31.39,9080833,96079852,2026-04-16T12:07:09-04:00,pre_open
2026-04-16,CDNA,17.57,21.32,21.34,1639981,49617882,2026-04-16T12:07:09-04:00,pre_open
2026-04-16,NN,16.9213,20.4513,20.51,3875817,63505437,2026-04-16T12:07:09-04:00,pre_open
2026-04-16,ACHV,3.55,5.005,40.99,9394175,47129102,2026-04-16T12:09:04-04:00,pre_open
2026-04-16,EVTL,2.66,3.405,28.01,9259931,96079852,2026-04-16T12:09:04-04:00,pre_open
2026-04-16,CDNA,17.5185,21.3585,21.56,1643618,49617882,2026-04-16T12:09:04-04:00,pre_open
2026-04-16,NN,16.97,20.41,20.27,3899865,63505437,2026-04-16T12:09:04-04:00,pre_open
2026-04-17,BZAI,1.73,2.385,37.86,26986480,59301341,2026-04-17T10:18:03-04:00,pre_open
2026-04-17,CRML,9.27,12.6886,36.88,28693560,30462953,2026-04-17T10:18:03-04:00,pre_open
2026-04-17,LZM,3.885,5.09,31.02,2153365,32157000,2026-04-17T10:18:03-04:00,pre_open
2026-04-17,RPAY,3.18,4.095,28.77,16535513,65119481,2026-04-17T10:18:03-04:00,pre_open
2026-04-17,CRML,9.2601,13.41,44.66,36523480,30462953,2026-04-17T10:38:26-04:00,pre_open
2026-04-17,BZAI,1.7303,2.2803,31.81,38439678,59301341,2026-04-17T10:38:26-04:00,pre_open
2026-04-17,LZM,3.885,5.085,30.89,2415173,32157000,2026-04-17T10:38:26-04:00,pre_open
2026-04-17,RPAY,3.1788,4.0588,27.64,19229492,65119481,2026-04-17T10:38:26-04:00,pre_open
2026-04-17,CRML,9.27,13.695,47.73,38404919,30462953,2026-04-17T10:43:22-04:00,pre_open
2026-04-17,BZAI,1.73,2.3,32.95,39172105,59301341,2026-04-17T10:43:22-04:00,pre_open
2026-04-17,LZM,3.885,5.09,31.02,2443520,32157000,2026-04-17T10:43:22-04:00,pre_open
2026-04-17,RPAY,3.17,4.075,28.14,19330462,65119481,2026-04-17T10:43:22-04:00,pre_open
2026-04-17,CRML,9.255,13.17,42.07,43975744,30462953,2026-04-17T10:59:02-04:00,pre_open
2026-04-17,LZM,3.885,5.24,34.88,2573139,32157000,2026-04-17T10:59:02-04:00,pre_open
2026-04-17,BZAI,1.73,2.285,32.08,42251217,59301341,2026-04-17T10:59:02-04:00,pre_open
2026-04-17,RPAY,3.18,4.065,27.83,19748865,65119481,2026-04-17T10:59:02-04:00,pre_open
2026-04-17,CRML,9.27,12.97,39.91,51018645,30462953,2026-04-17T11:34:37-04:00,pre_open
2026-04-17,BZAI,1.73,2.355,36.13,47679046,59301341,2026-04-17T11:34:37-04:00,pre_open
2026-04-17,LZM,3.885,5.08,30.76,2855135,32157000,2026-04-17T11:34:37-04:00,pre_open
2026-04-17,RPAY,3.18,4.0801,28.31,20261111,65119481,2026-04-17T11:34:37-04:00,pre_open
2026-04-17,INFQ,15.56,19.54,25.5,13217737,41400010,2026-04-17T11:34:37-04:00,pre_open
2026-04-17,ANL,13.69,16.46,20.23,603313,22238315,2026-04-17T11:34:37-04:00,pre_open
2026-04-17,CRML,9.27,13.12,41.53,51434199,30462953,2026-04-17T11:37:56-04:00,pre_open
2026-04-17,BZAI,1.73,2.3601,36.42,47991059,59301341,2026-04-17T11:37:56-04:00,pre_open
2026-04-17,LZM,3.885,5.097,31.2,2869523,32157000,2026-04-17T11:37:56-04:00,pre_open
2026-04-17,INFQ,15.5218,20.405,31.05,14123655,41400010,2026-04-17T11:37:56-04:00,pre_open
2026-04-17,RPAY,3.18,4.0686,27.94,20295311,65119481,2026-04-17T11:37:56-04:00,pre_open
2026-04-17,ANL,13.6904,16.6,21.26,603471,22238315,2026-04-17T11:37:56-04:00,pre_open
2026-04-17,CRML,9.27,13.105,41.37,51733716,30462953,2026-04-17T11:40:03-04:00,pre_open
2026-04-17,BZAI,1.73,2.365,36.71,48102287,59301341,2026-04-17T11:40:03-04:00,pre_open
2026-04-17,INFQ,15.6343,20.94,34.49,15069664,41400010,2026-04-17T11:40:03-04:00,pre_open
2026-04-17,LZM,3.88,5.06,30.24,2882324,32157000,2026-04-17T11:40:03-04:00,pre_open
2026-04-17,RPAY,3.18,4.05,27.36,20325416,65119481,2026-04-17T11:40:03-04:00,pre_open
2026-04-17,ANL,13.69,16.6833,21.86,608534,22238315,2026-04-17T11:40:03-04:00,pre_open
2026-04-20,CMPS,6.66,9.205,38.21,17129629,93513472,2026-04-20T10:29:20-04:00,pre_open
2026-04-20,ATAI,4.03,5.145,27.67,26042354,102494286,2026-04-20T10:29:20-04:00,pre_open
2026-04-20,GHRS,18.34,23.21,26.55,589634,44848062,2026-04-20T10:29:20-04:00,pre_open
2026-04-20,POET,7.265,8.985,23.76,23765117,90308339,2026-04-20T10:29:20-04:00,pre_open
2026-04-20,CMPS,6.66,9.1273,37.05,18939244,93513472,2026-04-20T10:59:37-04:00,pre_open
2026-04-20,ATAI,4.02,5.125,27.17,29426039,102494286,2026-04-20T10:59:37-04:00,pre_open
2026-04-20,GHRS,18.34,22.23,21.21,722276,44848062,2026-04-20T10:59:37-04:00,pre_open
2026-04-20,WIMI,1.965,2.39,20.71,863945,37500469,2026-04-20T10:59:37-04:00,pre_open
2026-04-20,CMPS,6.66,8.97,34.68,19377984,93513472,2026-04-20T11:05:19-04:00,pre_open
2026-04-20,ATAI,4.03,5.085,26.18,30060348,102494286,2026-04-20T11:05:19-04:00,pre_open
2026-04-20,CMPS,6.66,8.93,34.08,20388352,93513472,2026-04-20T11:18:39-04:00,pre_open
2026-04-20,ATAI,4.03,5.075,25.93,31421680,102494286,2026-04-20T11:18:39-04:00,pre_open
2026-04-20,POET,7.255,8.765,20.73,30751016,90308339,2026-04-20T11:18:39-04:00,pre_open
2026-04-20,CMPS,6.66,9.3099,39.79,22049444,93513472,2026-04-20T11:51:13-04:00,pre_open
2026-04-20,ATAI,4.0331,5.1931,28.86,32925738,102494286,2026-04-20T11:51:13-04:00,pre_open
2026-04-20,FLWS,3.882,4.717,21.73,1957873,54364776,2026-04-20T11:51:13-04:00,pre_open
2026-04-20,POET,7.265,8.735,20.32,33623877,90308339,2026-04-20T11:51:13-04:00,pre_open
2026-04-20,CMPS,6.661,9.32,39.94,22199037,93513472,2026-04-20T11:54:24-04:00,pre_open
2026-04-20,ATAI,4.03,5.255,30.4,33498630,102494286,2026-04-20T11:54:24-04:00,pre_open
2026-04-20,FLWS,3.8847,4.7297,22.06,2009459,54364776,2026-04-20T11:54:24-04:00,pre_open
2026-04-20,CMPS,6.66,9.345,40.32,22235205,93513472,2026-04-20T11:55:05-04:00,pre_open
2026-04-20,ATAI,4.025,5.255,30.4,33538880,102494286,2026-04-20T11:55:05-04:00,pre_open
2026-04-20,FLWS,3.875,4.755,22.71,2038107,54364776,2026-04-20T11:55:05-04:00,pre_open
2026-04-20,POET,7.255,8.73,20.25,33965535,90308339,2026-04-20T11:55:05-04:00,pre_open
2026-04-21,NVTS,13.2,16.21,22.8,35016365,189846859,2026-04-21T10:30:25-04:00,pre_open
2026-04-21,EVH,2.93,3.54,20.82,1868973,102456667,2026-04-21T10:30:25-04:00,pre_open
2026-04-21,POET,8.625,10.31,20.02,34253596,90308339,2026-04-21T10:30:25-04:00,pre_open
2026-04-21,NVTS,13.2,15.865,20.19,41465432,189846859,2026-04-21T10:55:12-04:00,pre_open
2026-04-21,NVTS,13.2,15.88,20.3,41693685,189846859,2026-04-21T10:55:38-04:00,pre_open
2026-04-21,POET,8.59,10.475,21.94,44121910,90308339,2026-04-21T11:49:17-04:00,pre_open
2026-04-21,NVTS,13.1914,15.8614,20.16,53717328,189846859,2026-04-21T11:49:17-04:00,pre_open
2026-04-21,POET,8.589,10.414,21.23,44687959,90308339,2026-04-21T11:53:19-04:00,pre_open
2026-04-21,POET,8.59,10.385,20.9,44904846,90308339,2026-04-21T11:55:09-04:00,pre_open
2026-04-22,MAAS,9.08,12.7,39.87,1008367,120403961,2026-04-22T10:30:23-04:00,pre_open
2026-04-22,NMAX,7.3768,9.1,25,2130129,30922203,2026-04-22T10:30:23-04:00,pre_open
2026-04-22,HCSG,19.3789,23.9789,23.92,611259,69466532,2026-04-22T10:30:23-04:00,pre_open
2026-04-22,MAAS,9.08,11.42,25.77,1705454,120403961,2026-04-22T10:54:37-04:00,pre_open
2026-04-22,HCSG,19.35,23.8994,23.51,730884,69466532,2026-04-22T10:54:37-04:00,pre_open
2026-04-22,NMAX,7.3158,8.8758,21.92,3250299,30922203,2026-04-22T10:54:37-04:00,pre_open
2026-04-22,NMAX,7.28,9.44,29.67,3802279,30922203,2026-04-22T11:00:16-04:00,pre_open
2026-04-22,MAAS,9.11,11.4,25.55,1751573,120403961,2026-04-22T11:00:16-04:00,pre_open
2026-04-22,HCSG,19.35,23.765,22.82,776861,69466532,2026-04-22T11:00:16-04:00,pre_open
2026-04-22,NMAX,7.28,9.751,33.94,6238996,30922203,2026-04-22T11:17:57-04:00,pre_open
2026-04-22,MAAS,9.08,11.7746,29.68,1829299,120403961,2026-04-22T11:17:57-04:00,pre_open
2026-04-22,HCSG,19.35,23.61,22.02,846124,69466532,2026-04-22T11:17:57-04:00,pre_open
2026-04-22,NMAX,7.27,9.84,35.16,14792411,30922203,2026-04-22T11:47:42-04:00,pre_open
2026-04-22,MAAS,9.08,11.9,31.06,2066954,120403961,2026-04-22T11:47:42-04:00,pre_open
2026-04-22,HCSG,19.3451,23.5551,21.73,1001932,69466532,2026-04-22T11:47:42-04:00,pre_open
2026-04-22,NMAX,7.28,9.7999,34.61,16042433,30922203,2026-04-22T11:51:19-04:00,pre_open
2026-04-22,MAAS,9.08,11.66,28.41,2089790,120403961,2026-04-22T11:51:19-04:00,pre_open
2026-04-22,HCSG,19.35,23.5355,21.63,1039618,69466532,2026-04-22T11:51:19-04:00,pre_open
2026-04-22,NMAX,7.27,9.71,33.38,16198406,30922203,2026-04-22T11:53:00-04:00,pre_open
2026-04-22,MAAS,9.0801,11.5801,27.53,2094743,120403961,2026-04-22T11:53:00-04:00,pre_open
2026-04-22,HCSG,19.35,23.51,21.5,1043545,69466532,2026-04-22T11:53:00-04:00,pre_open
2026-04-23,URI,802.96,969.76001,20.8,561286,62625828,2026-04-23T11:08:51-04:00,pre_open
2026-04-23,REPL,2.2702,2.7393,20.67,7838925,76572957,2026-04-23T11:08:51-04:00,pre_open
2026-04-23,URI,802.79,976.44,21.63,592547,62625828,2026-04-23T11:22:49-04:00,pre_open
2026-04-23,URI,802.79,977.43,21.75,593805,62625828,2026-04-23T11:23:20-04:00,pre_open
2026-04-23,URI,802.79,976,21.58,606824,62625828,2026-04-23T11:27:34-04:00,pre_open
2026-04-23,URI,802.79,980.71,22.16,670071,62625828,2026-04-23T11:57:39-04:00,pre_open
2026-04-23,URI,802.79,982.73499,22.41,704562,62625828,2026-04-23T12:15:37-04:00,pre_open
2026-04-23,URI,802.79,983.48,22.51,710579,62625828,2026-04-23T12:17:50-04:00,pre_open
2026-04-23,HELE,19.75,23.74,20.08,1234714,22470333,2026-04-23T12:17:50-04:00,pre_open
2026-04-23,URI,802.83,983.98999,22.57,713046,62625828,2026-04-23T12:18:31-04:00,pre_open
2026-04-24,LIDR,1.69,2.4199,43.19,70588678,43397976,2026-04-24T10:28:42-04:00,pre_open
2026-04-24,MX,4.27,5.2699,23.42,1969964,29045110,2026-04-24T10:28:42-04:00,pre_open
2026-04-24,INTC,66.78,82.18,23.06,127142669,4985909100,2026-04-24T10:28:42-04:00,pre_open
2026-04-24,LIDR,1.69,2.3603,39.66,76219736,43397976,2026-04-24T10:50:52-04:00,pre_open
2026-04-24,POET,11.7399,15.1899,29.61,39484613,90308339,2026-04-24T10:50:52-04:00,pre_open
2026-04-24,MX,4.27,5.3599,25.52,2425585,29045110,2026-04-24T10:50:52-04:00,pre_open
2026-04-24,INTC,66.74,82.14,23.0,139471396,4985909100,2026-04-24T10:50:52-04:00,pre_open
2026-04-24,LIDR,1.69,2.475,46.45,77495132,43397976,2026-04-24T10:55:14-04:00,pre_open
2026-04-24,POET,11.705,14.925,27.35,41420709,90308339,2026-04-24T10:55:14-04:00,pre_open
2026-04-24,MX,4.265,5.425,27.05,2575743,29045110,2026-04-24T10:55:14-04:00,pre_open
2026-04-24,INTC,66.7604,82.39,23.38,141622128,4985909100,2026-04-24T10:55:14-04:00,pre_open
2026-04-24,POET,11.72,14.78,26.11,46748105,90308339,2026-04-24T11:11:04-04:00,pre_open
2026-04-24,MX,4.27,5.374,25.85,3103929,29045110,2026-04-24T11:11:04-04:00,pre_open
2026-04-24,INTC,66.8201,82.4601,23.48,150917467,4985909100,2026-04-24T11:11:04-04:00,pre_open
2026-04-24,LIDR,1.69,2.37,40.24,88772581,43397976,2026-04-24T11:44:29-04:00,pre_open
2026-04-24,ATOM,6.1704,8.4804,37.0,3286659,30689619,2026-04-24T11:44:29-04:00,pre_open
2026-04-24,POET,11.71,15.03,28.24,52864253,90308339,2026-04-24T11:44:29-04:00,pre_open
2026-04-24,MX,4.255,5.395,26.35,4008191,29045110,2026-04-24T11:44:29-04:00,pre_open
2026-04-24,OGN,8.595,10.575,22.97,13768334,258709502,2026-04-24T11:44:29-04:00,pre_open
2026-04-24,INTC,66.7601,82.07,22.9,162670019,4985909100,2026-04-24T11:44:29-04:00,pre_open
2026-04-24,LIDR,1.69,2.3499,39.05,89403407,43397976,2026-04-24T11:49:13-04:00,pre_open
2026-04-24,ATOM,6.1796,8.5696,38.44,4055912,30689619,2026-04-24T11:49:13-04:00,pre_open
2026-04-24,POET,11.7272,15.44,31.74,54295563,90308339,2026-04-24T11:49:13-04:00,pre_open
2026-04-24,MX,4.258,5.388,26.18,4061550,29045110,2026-04-24T11:49:13-04:00,pre_open
2026-04-24,OGN,8.594,10.684,24.23,14306878,258709502,2026-04-24T11:49:13-04:00,pre_open
2026-04-24,INTC,66.7727,82.3,23.24,164600441,4985909100,2026-04-24T11:49:13-04:00,pre_open
2026-04-24,LIDR,1.69,2.345,38.76,89432909,43397976,2026-04-24T11:49:49-04:00,pre_open
2026-04-24,ATOM,6.19,8.565,38.37,4118716,30689619,2026-04-24T11:49:49-04:00,pre_open
2026-04-24,POET,11.72,15.35,30.97,54374864,90308339,2026-04-24T11:49:49-04:00,pre_open
2026-04-24,MX,4.27,5.4098,26.69,4063789,29045110,2026-04-24T11:49:49-04:00,pre_open
2026-04-24,OGN,8.6,10.715,24.59,14336056,258709502,2026-04-24T11:49:49-04:00,pre_open
2026-04-24,INTC,66.7699,82.23,23.14,164733610,4985909100,2026-04-24T11:49:49-04:00,pre_open
2026-04-27,SGMT,5.86,8.3634,42.72,36908677,27107230,2026-04-27T10:59:33-04:00,pre_open
2026-04-27,MANE,67.84,90.48,33.37,1725970,35082327,2026-04-27T10:59:33-04:00,pre_open
2026-04-27,ORKA,69.0762,83.225,20.56,3989919,26476553,2026-04-27T10:59:33-04:00,pre_open
2026-04-27,SGMT,5.86,8.31,41.81,38731935,27107230,2026-04-27T11:21:45-04:00,pre_open
2026-04-27,MANE,67.84,95.005,40.04,2019166,35082327,2026-04-27T11:21:45-04:00,pre_open
2026-04-27,ORKA,69.0947,82.95,20.17,4252897,26476553,2026-04-27T11:21:45-04:00,pre_open
2026-04-27,SGMT,5.86,8.2802,41.3,38828637,27107230,2026-04-27T11:25:24-04:00,pre_open
2026-04-27,MANE,67.84,94.44,39.21,2026461,35082327,2026-04-27T11:25:24-04:00,pre_open
2026-04-27,MANE,67.84,91.66,35.11,2148634,35082327,2026-04-27T11:50:42-04:00,pre_open
2026-04-27,ORKA,69.03,83.31,20.69,4450883,26476553,2026-04-27T11:50:42-04:00,pre_open
2026-04-27,SGMT,5.86,8.655,47.7,42013467,27107230,2026-04-27T12:05:28-04:00,pre_open
2026-04-27,MANE,67.84,93.39,37.66,2194870,35082327,2026-04-27T12:05:28-04:00,pre_open
2026-04-27,SGMT,5.86,8.62,47.1,42151583,27107230,2026-04-27T12:09:32-04:00,pre_open
2026-04-27,MANE,67.84,92.59,36.48,2203964,35082327,2026-04-27T12:09:32-04:00,pre_open
2026-04-27,SGMT,5.86,8.675,48.04,42275711,27107230,2026-04-27T12:11:45-04:00,pre_open
2026-04-27,MANE,67.84,92.55,36.42,2212701,35082327,2026-04-27T12:11:45-04:00,pre_open
2026-04-28,KNSA,43.61,52.355,20.05,1725113,70946022,2026-04-28T11:42:48-04:00,pre_open
2026-04-28,ATLN,1.6,2.01,25.62,621406,33823362,2026-04-28T12:24:25-04:00,pre_open
2026-04-28,ATLN,1.6,2.01,25.62,621536,33823362,2026-04-28T12:24:50-04:00,pre_open
2026-04-29,KALV,19.24,26.72,38.88,44099642,37847844,2026-04-29T11:04:55-04:00,pre_open
2026-04-29,SIMO,149.18,194.585,30.44,2349651,32503310,2026-04-29T11:04:55-04:00,pre_open
2026-04-29,DSGN,12.81,16.24,26.78,1201175,36274536,2026-04-29T11:04:55-04:00,pre_open
2026-04-29,NXPI,230.385,286.08,24.17,4129855,252245579,2026-04-29T11:04:55-04:00,pre_open
2026-04-29,BE,226.73,278.54,23.05,10642228,222533318,2026-04-29T11:04:55-04:00,pre_open
2026-04-29,FVRR,10.36,12.6688,22.29,2375144,30237438,2026-04-29T11:04:55-04:00,pre_open
2026-04-29,EXTR,17.0348,20.545,20.5,2759433,129504314,2026-04-29T11:04:55-04:00,pre_open
2026-04-29,KALV,19.24,26.72,38.88,45878177,37847844,2026-04-29T11:30:19-04:00,pre_open
2026-04-29,SIMO,149.18,195.4599,31.02,2430497,32503310,2026-04-29T11:30:19-04:00,pre_open
2026-04-29,DSGN,12.81,16.4,28.02,1346836,36274536,2026-04-29T11:30:19-04:00,pre_open
2026-04-29,BE,226.21,281.34,24.28,11944095,222533318,2026-04-29T11:30:19-04:00,pre_open
2026-04-29,NXPI,230.125,285.51,23.93,4749386,252245579,2026-04-29T11:30:19-04:00,pre_open
2026-04-29,MXL,51.82,63.68,22.44,5760825,84156226,2026-04-29T11:30:19-04:00,pre_open
2026-04-29,COCO,51.565,62.725,21.49,2278930,48817986,2026-04-29T11:30:19-04:00,pre_open
2026-04-29,PRCH,8.585,10.415,21.25,3725763,79951947,2026-04-29T11:30:19-04:00,pre_open
2026-04-29,EXTR,17.055,20.485,20.15,3234638,129504314,2026-04-29T11:30:19-04:00,pre_open
2026-04-29,KALV,19.24,26.7249,38.9,45883830,37847844,2026-04-29T11:31:03-04:00,pre_open
2026-04-29,SIMO,149.18,195.87,31.3,2431874,32503310,2026-04-29T11:31:03-04:00,pre_open
2026-04-29,DSGN,12.81,16.43,28.26,1347266,36274536,2026-04-29T11:31:03-04:00,pre_open
2026-04-29,BE,226.37,281.25,24.24,11970245,222533318,2026-04-29T11:31:03-04:00,pre_open
2026-04-29,NXPI,230.3155,285.575,23.96,4753828,252245579,2026-04-29T11:31:03-04:00,pre_open
2026-04-29,MXL,52.09,63.79,22.65,5775697,84156226,2026-04-29T11:31:03-04:00,pre_open
2026-04-29,COCO,51.71,62.56,21.17,2284209,48817986,2026-04-29T11:31:03-04:00,pre_open
2026-04-29,PRCH,8.6,10.4,21.07,3733434,79951947,2026-04-29T11:31:03-04:00,pre_open
2026-04-29,EXTR,17.05,20.48,20.12,3239873,129504314,2026-04-29T11:31:03-04:00,pre_open
2026-04-29,KALV,19.24,26.7249,38.9,45900354,37847844,2026-04-29T11:33:50-04:00,pre_open
2026-04-29,SIMO,149.18,195.12,30.8,2440912,32503310,2026-04-29T11:33:50-04:00,pre_open
2026-04-29,DSGN,12.81,16.3903,27.95,1352604,36274536,2026-04-29T11:33:50-04:00,pre_open
2026-04-29,BE,226.37,282.75,24.91,12024686,222533318,2026-04-29T11:33:50-04:00,pre_open
2026-04-29,NXPI,230.385,286.185,24.22,4821091,252245579,2026-04-29T11:33:50-04:00,pre_open
2026-04-29,MXL,51.935,63.915,22.89,5920442,84156226,2026-04-29T11:33:50-04:00,pre_open
2026-04-29,PRCH,8.59,10.42,21.3,3747645,79951947,2026-04-29T11:33:50-04:00,pre_open
2026-04-29,COCO,51.63,62.465,20.99,2294317,48817986,2026-04-29T11:33:50-04:00,pre_open
2026-04-29,KALV,19.24,26.715,38.85,46888554,37847844,2026-04-29T11:57:19-04:00,pre_open
2026-04-29,SIMO,149.2917,194.34,30.27,2516170,32503310,2026-04-29T11:57:19-04:00,pre_open
2026-04-29,DSGN,12.81,16.62,29.74,1425310,36274536,2026-04-29T11:57:19-04:00,pre_open
2026-04-29,MXL,52.1,65.48,25.9,7685620,84156226,2026-04-29T11:57:19-04:00,pre_open
2026-04-29,NXPI,230.425,287.08,24.61,5186505,252245579,2026-04-29T11:57:19-04:00,pre_open
2026-04-29,BE,226.3699,275.95999,21.91,12645320,222533318,2026-04-29T11:57:19-04:00,pre_open
2026-04-29,PRCH,8.57,10.4,21.07,3970095,79951947,2026-04-29T11:57:19-04:00,pre_open
2026-04-29,COCO,51.6901,62.41,20.88,2422410,48817986,2026-04-29T11:57:19-04:00,pre_open
2026-04-29,KALV,19.24,26.7018,38.78,47361858,37847844,2026-04-29T12:10:41-04:00,pre_open
2026-04-29,DSGN,12.81,17,32.71,1503072,36274536,2026-04-29T12:10:41-04:00,pre_open
2026-04-29,SIMO,149.435,195.75,31.22,2567691,32503310,2026-04-29T12:10:41-04:00,pre_open
2026-04-29,MXL,52.04,67.04,28.9,8208883,84156226,2026-04-29T12:10:41-04:00,pre_open
2026-04-29,NXPI,230.605,290.76,26.21,5511102,252245579,2026-04-29T12:10:41-04:00,pre_open
2026-04-29,BE,226.01,278.84,23.18,12939602,222533318,2026-04-29T12:10:41-04:00,pre_open
2026-04-29,COCO,51.54,63.22,22.45,2513407,48817986,2026-04-29T12:10:41-04:00,pre_open
2026-04-29,EXTR,17.0498,20.5948,20.79,3870669,129504314,2026-04-29T12:10:41-04:00,pre_open
2026-04-29,PRCH,8.58,10.36,20.61,4061539,79951947,2026-04-29T12:10:41-04:00,pre_open
2026-04-29,KALV,19.24,26.7045,38.8,47453472,37847844,2026-04-29T12:15:13-04:00,pre_open
2026-04-29,DSGN,12.81,17.095,33.45,1585807,36274536,2026-04-29T12:15:13-04:00,pre_open
2026-04-29,SIMO,149.18,195.2897,30.91,2576531,32503310,2026-04-29T12:15:13-04:00,pre_open
2026-04-29,MXL,52.1532,66.8644,28.56,8383655,84156226,2026-04-29T12:15:13-04:00,pre_open
2026-04-29,NXPI,230.235,288.38,25.17,5576650,252245579,2026-04-29T12:15:13-04:00,pre_open
2026-04-29,BE,226.65,278.07001,22.84,12999128,222533318,2026-04-29T12:15:13-04:00,pre_open
2026-04-29,COCO,51.56,63.39,22.78,2525563,48817986,2026-04-29T12:15:13-04:00,pre_open
2026-04-29,EXTR,17.05,20.61,20.88,3914673,129504314,2026-04-29T12:15:13-04:00,pre_open
2026-04-29,PRCH,8.5747,10.3447,20.43,4082438,79951947,2026-04-29T12:15:13-04:00,pre_open
2026-04-29,KALV,19.24,26.7028,38.79,47460658,37847844,2026-04-29T12:16:19-04:00,pre_open
2026-04-29,DSGN,12.81,17.0604,33.18,1587247,36274536,2026-04-29T12:16:19-04:00,pre_open
2026-04-29,SIMO,149.18,195.39,30.98,2579914,32503310,2026-04-29T12:16:19-04:00,pre_open
2026-04-29,MXL,52.01,66.74,28.32,8400718,84156226,2026-04-29T12:16:19-04:00,pre_open
2026-04-29,NXPI,230.385,288.405,25.18,5584415,252245579,2026-04-29T12:16:19-04:00,pre_open
2026-04-29,COCO,51.63,63.66,23.3,2533440,48817986,2026-04-29T12:16:19-04:00,pre_open
2026-04-29,BE,226.37,277.81,22.72,13007875,222533318,2026-04-29T12:16:19-04:00,pre_open
2026-04-29,EXTR,17.05,20.715,21.5,3943245,129504314,2026-04-29T12:16:19-04:00,pre_open
2026-04-29,PRCH,8.59,10.375,20.78,4090981,79951947,2026-04-29T12:16:19-04:00,pre_open
2026-04-29,FCEL,9.91,11.94,20.12,5875562,52793369,2026-04-29T12:16:19-04:00,pre_open
2026-04-30,BAND,24.2,34.7,43.39,1822684,28229398,2026-04-30T11:01:38-04:00,pre_open
2026-04-30,XRX,1.57,2.125,35.35,37645563,118857075,2026-04-30T11:01:38-04:00,pre_open
2026-04-30,RDZN,1.7181,2.1081,22.56,668383,36092576,2026-04-30T11:01:38-04:00,pre_open
2026-04-30,VISN,10.47,12.73,21.59,14368937,217262234,2026-04-30T11:01:38-04:00,pre_open
2026-04-30,PI,120.0784,145.8884,21.53,564882,29270016,2026-04-30T11:01:38-04:00,pre_open
2026-04-30,GTX,20.485,24.87,21.38,2391383,173065528,2026-04-30T11:01:38-04:00,pre_open
2026-04-30,HTZ,5.593,6.778,21.04,24467279,296549001,2026-04-30T11:01:38-04:00,pre_open
2026-04-30,NVCR,11.925,14.33,20.12,1852999,94967113,2026-04-30T11:01:38-04:00,pre_open
2026-04-30,XRX,1.5749,2.2599,43.94,41306034,118857075,2026-04-30T11:25:09-04:00,pre_open
2026-04-30,BAND,24.2,34.185,41.26,1974662,28229398,2026-04-30T11:25:09-04:00,pre_open
2026-04-30,RDZN,1.72,2.14,24.42,805700,36092576,2026-04-30T11:25:09-04:00,pre_open
2026-04-30,VISN,10.47,12.91,23.3,16307894,217262234,2026-04-30T11:25:09-04:00,pre_open
2026-04-30,GTX,20.49,25.19,22.94,2681415,173065528,2026-04-30T11:25:09-04:00,pre_open
2026-04-30,HTZ,5.5843,6.84,22.14,27008333,296549001,2026-04-30T11:25:09-04:00,pre_open
2026-04-30,PI,120.17,145.73,21.4,625469,29270016,2026-04-30T11:25:09-04:00,pre_open
2026-04-30,NVCR,11.967,14.447,21.1,2105631,94967113,2026-04-30T11:25:09-04:00,pre_open
2026-04-30,PACK,3.94,4.74,20.3,788792,72635672,2026-04-30T11:25:09-04:00,pre_open
2026-04-30,QURE,16.6,20.1,20.14,1605767,55256390,2026-04-30T11:25:09-04:00,pre_open
2026-04-30,XRX,1.57,2.285,45.54,41792448,118857075,2026-04-30T11:29:02-04:00,pre_open
2026-04-30,BAND,24.2,33.47,38.31,1996895,28229398,2026-04-30T11:29:02-04:00,pre_open
2026-04-30,RDZN,1.72,2.14,24.42,830145,36092576,2026-04-30T11:29:02-04:00,pre_open
2026-04-30,VISN,10.48,12.95,23.69,16546754,217262234,2026-04-30T11:29:02-04:00,pre_open
2026-04-30,GTX,20.5162,25.1562,22.77,2700646,173065528,2026-04-30T11:29:02-04:00,pre_open
2026-04-30,HTZ,5.6101,6.8301,21.97,27165875,296549001,2026-04-30T11:29:02-04:00,pre_open
2026-04-30,NVCR,11.9448,14.4999,21.54,2200815,94967113,2026-04-30T11:29:02-04:00,pre_open
2026-04-30,QURE,16.73,20.165,20.53,1636174,55256390,2026-04-30T11:29:02-04:00,pre_open
2026-04-30,PI,120.3086,144.315,20.22,641278,29270016,2026-04-30T11:29:02-04:00,pre_open
2026-04-30,VLN,1.51,2.1801,44.38,24843575,74575661,2026-04-30T11:48:25-04:00,pre_open
2026-04-30,XRX,1.57,2.2401,42.68,44163129,118857075,2026-04-30T11:48:25-04:00,pre_open
2026-04-30,BAND,24.2,32.9505,36.16,2120877,28229398,2026-04-30T11:48:25-04:00,pre_open
2026-04-30,NVCR,11.93,15.1,26.57,2561867,94967113,2026-04-30T11:48:25-04:00,pre_open
2026-04-30,QURE,16.73,20.69,23.67,1851191,55256390,2026-04-30T11:48:25-04:00,pre_open
2026-04-30,VISN,10.46,12.85,22.73,17682321,217262234,2026-04-30T11:48:25-04:00,pre_open
2026-04-30,RDZN,1.72,2.11,22.67,888511,36092576,2026-04-30T11:48:25-04:00,pre_open
2026-04-30,HTZ,5.6,6.795,21.34,27902252,296549001,2026-04-30T11:48:25-04:00,pre_open
2026-05-01,CERS,2.0314,2.8464,40.22,10914781,189069390,2026-05-01T10:14:22-04:00,pre_open
2026-05-01,TEAM,68.59,83.98,22.44,8687435,257771761,2026-05-01T10:14:22-04:00,pre_open
2026-05-01,ATOM,8.18,9.9428,21.55,1656098,30689619,2026-05-01T10:14:22-04:00,pre_open
2026-05-01,CERS,2.03,2.87,41.38,12840724,189069390,2026-05-01T10:34:31-04:00,pre_open
2026-05-01,ATOM,8.1574,10.51,28.48,3212702,30689619,2026-05-01T10:34:31-04:00,pre_open
2026-05-01,TEAM,68.55,83.42,21.62,10444233,257771761,2026-05-01T10:34:31-04:00,pre_open
2026-05-01,FIVN,17.2,20.91,21.57,5107780,73474183,2026-05-01T10:34:31-04:00,pre_open
2026-05-01,EGHT,1.9262,2.31,20.31,1477222,133981563,2026-05-01T10:34:31-04:00,pre_open
2026-05-01,CERS,2.03,2.8801,41.88,12980570,189069390,2026-05-01T10:39:12-04:00,pre_open
2026-05-01,ATOM,8.1824,10.3243,26.21,3493180,30689619,2026-05-01T10:39:12-04:00,pre_open
2026-05-01,TEAM,68.515,82.58,20.4,10794017,257771761,2026-05-01T10:39:12-04:00,pre_open
2026-05-01,EGHT,1.9216,2.305,20.05,1496479,133981563,2026-05-01T10:39:12-04:00,pre_open
2026-05-01,CERS,2.03,2.66,31.03,14825373,189069390,2026-05-01T10:59:08-04:00,pre_open
2026-05-01,ATOM,8.18,10.4227,27.42,4025587,30689619,2026-05-01T10:59:08-04:00,pre_open
2026-05-01,TEAM,68.59,83.905,22.33,11657375,257771761,2026-05-01T10:59:08-04:00,pre_open
2026-05-01,FIVN,17.1945,21.015,22.18,5790635,73474183,2026-05-01T10:59:08-04:00,pre_open
2026-05-01,EGHT,1.92,2.3208,20.88,1607509,133981563,2026-05-01T10:59:08-04:00,pre_open
2026-05-01,ATOM,8.18,10.66,30.32,5141793,30689619,2026-05-01T11:31:23-04:00,pre_open
2026-05-01,CERS,2.025,2.575,26.85,16358687,189069390,2026-05-01T11:31:23-04:00,pre_open
2026-05-01,TEAM,68.7792,84.94,23.84,13136477,257771761,2026-05-01T11:31:23-04:00,pre_open
2026-05-01,FIVN,17.1599,21.22,23.37,6719762,73474183,2026-05-01T11:31:23-04:00,pre_open
2026-05-01,LWLG,13.7,16.8,22.45,9000184,146488995,2026-05-01T11:31:23-04:00,pre_open
2026-05-01,EGHT,1.9151,2.325,21.09,1855195,133981563,2026-05-01T11:31:23-04:00,pre_open
2026-05-01,ATOM,8.18,10.63,29.95,5180336,30689619,2026-05-01T11:33:32-04:00,pre_open
2026-05-01,CERS,2.03,2.578,27.0,16412609,189069390,2026-05-01T11:33:32-04:00,pre_open
2026-05-01,FIVN,17.1776,21.46,24.77,6854018,73474183,2026-05-01T11:33:32-04:00,pre_open
2026-05-01,TEAM,68.58,85.03,23.97,13246745,257771761,2026-05-01T11:33:32-04:00,pre_open
2026-05-01,LWLG,13.685,16.81,22.52,9123907,146488995,2026-05-01T11:33:32-04:00,pre_open
2026-05-01,EGHT,1.92,2.33,21.35,1860332,133981563,2026-05-01T11:33:32-04:00,pre_open
2026-05-01,ATOM,8.18,10.6,29.58,5188927,30689619,2026-05-01T11:34:42-04:00,pre_open
2026-05-01,CERS,2.03,2.57,26.6,16467198,189069390,2026-05-01T11:34:42-04:00,pre_open
2026-05-01,FIVN,17.1935,21.51,25.06,6890921,73474183,2026-05-01T11:34:42-04:00,pre_open
2026-05-01,TEAM,68.6708,85.065,24.02,13296913,257771761,2026-05-01T11:34:42-04:00,pre_open
2026-05-01,LWLG,13.735,16.775,22.27,9149943,146488995,2026-05-01T11:34:42-04:00,pre_open
2026-05-01,EGHT,1.92,2.33,21.35,1861654,133981563,2026-05-01T11:34:42-04:00,pre_open
2026-05-04,BZAI,2.03,2.625,29.31,26295919,59301341,2026-05-04T11:05:21-04:00,pre_open
2026-05-04,CABA,2.94,3.57,21.43,12271745,84295585,2026-05-04T11:05:21-04:00,pre_open
2026-05-04,BZAI,2.03,2.745,35.22,28545483,59301341,2026-05-04T11:25:33-04:00,pre_open
2026-05-04,BZAI,2.03,2.6399,30.04,981063,59301341,2026-05-04T11:32:31-04:00,pre_open
2026-05-04,BZAI,2.03,2.6898,32.5,31368575,59301341,2026-05-04T12:03:16-04:00,pre_open
2026-05-04,REPL,2.4901,3.1,24,557758,76116578,2026-05-04T12:03:16-04:00,pre_open
2026-05-04,CABA,2.94,3.5664,21.31,14417960,84295585,2026-05-04T12:03:16-04:00,pre_open
2026-05-04,BZAI,2.03,2.695,32.76,31991549,59301341,2026-05-04T12:17:05-04:00,pre_open
2026-05-04,CABA,2.94,3.63,23.47,15555907,84295585,2026-05-04T12:17:05-04:00,pre_open
2026-05-04,REPL,2.5,3.06,22.4,887087,76116578,2026-05-04T12:17:05-04:00,pre_open
2026-05-04,BZAI,2.03,2.735,34.73,32093682,59301341,2026-05-04T12:19:01-04:00,pre_open
2026-05-04,REPL,2.5,3.0899,23.6,1013903,76116578,2026-05-04T12:19:01-04:00,pre_open
2026-05-04,CABA,2.935,3.62,23.13,15624731,84295585,2026-05-04T12:19:01-04:00,pre_open
2026-05-04,BZAI,2.0311,2.7611,36.01,32476607,59301341,2026-05-04T12:20:31-04:00,pre_open
2026-05-04,CABA,2.9399,3.6399,23.81,15673725,84295585,2026-05-04T12:20:31-04:00,pre_open
2026-05-04,REPL,2.495,3.06,22.4,1064833,76116578,2026-05-04T12:20:31-04:00,pre_open
2026-05-05,STRL,529.49,778.95,47.11,1281619,29950327,2026-05-05T11:35:49-04:00,pre_open
2026-05-05,DOCN,108.81,145.93,34.11,7637604,71493844,2026-05-05T11:35:49-04:00,pre_open
2026-05-05,POET,7.11,9.355,31.58,56332384,90308339,2026-05-05T11:35:49-04:00,pre_open
2026-05-05,VRDN,14.06,18.03,28.24,9954965,69560778,2026-05-05T11:35:49-04:00,pre_open
2026-05-05,DGXX,3.95,4.92,24.56,82092590,59380074,2026-05-05T11:35:49-04:00,pre_open
2026-05-05,BLDP,3.2851,4.0801,24.02,8274607,254545702,2026-05-05T11:35:49-04:00,pre_open
2026-05-05,IART,10.6764,12.8497,20.65,1143781,58831681,2026-05-05T11:35:49-04:00,pre_open
2026-05-05,STIM,2.011,2.436,20.59,3400293,36025134,2026-05-05T11:35:49-04:00,pre_open
2026-05-05,FTRE,12.265,14.77,20.57,1254096,92946199,2026-05-05T11:35:49-04:00,pre_open
2026-05-05,STRL,529.49,777.84,46.9,1363834,29950327,2026-05-05T11:54:44-04:00,pre_open
2026-05-05,DOCN,108.795,147.46,35.52,8753384,71493844,2026-05-05T11:54:44-04:00,pre_open
2026-05-05,DGXX,3.95,5.135,30.0,84730227,59380074,2026-05-05T11:54:44-04:00,pre_open
2026-05-05,POET,7.115,9.185,29.18,60137465,90308339,2026-05-05T11:54:44-04:00,pre_open
2026-05-05,VRDN,14.0364,18.125,28.91,10185111,69560778,2026-05-05T11:54:44-04:00,pre_open
2026-05-05,BLDP,3.2801,4.05,23.1,9377658,254545702,2026-05-05T11:54:44-04:00,pre_open
2026-05-05,TONX,2.09,2.545,21.77,1111947,32325903,2026-05-05T11:54:44-04:00,pre_open
2026-05-05,IART,10.65,12.9456,21.55,1238249,58831681,2026-05-05T11:54:44-04:00,pre_open
2026-05-05,FTRE,12.25,14.8326,21.08,1296663,92946199,2026-05-05T11:54:44-04:00,pre_open
2026-05-05,EVER,14.61,21.86,49.62,3644760,28200433,2026-05-05T12:07:42-04:00,pre_open
2026-05-05,STRL,529.49,781,47.5,1429579,29950327,2026-05-05T12:07:42-04:00,pre_open
2026-05-05,DGXX,3.955,5.58,41.27,88764751,59380074,2026-05-05T12:07:42-04:00,pre_open
2026-05-05,DOCN,108.81,147.18,35.26,9051041,71493844,2026-05-05T12:07:42-04:00,pre_open
2026-05-05,POET,7.1188,9.2688,30.36,61774834,90308339,2026-05-05T12:07:42-04:00,pre_open
2026-05-05,VRDN,14.06,18.2658,29.91,10360135,69560778,2026-05-05T12:07:42-04:00,pre_open
2026-05-05,TONX,2.09,2.57,22.97,1142947,32325903,2026-05-05T12:07:42-04:00,pre_open
2026-05-05,BLDP,3.29,4.025,22.34,9847633,254545702,2026-05-05T12:07:42-04:00,pre_open
2026-05-05,FTRE,12.275,14.95,22.04,1364107,92946199,2026-05-05T12:07:42-04:00,pre_open
2026-05-05,IART,10.6431,12.96,21.69,1305969,58831681,2026-05-05T12:07:42-04:00,pre_open
2026-05-05,STRL,530.585,778.495,47.03,1444656,29950327,2026-05-05T12:11:41-04:00,pre_open
2026-05-05,DGXX,3.9501,5.54,40.25,90163563,59380074,2026-05-05T12:11:41-04:00,pre_open
2026-05-05,DOCN,108.8375,148.3525,36.34,9097442,71493844,2026-05-05T12:11:41-04:00,pre_open
2026-05-05,VRDN,14.07,18.43,31.08,10460790,69560778,2026-05-05T12:11:41-04:00,pre_open
2026-05-05,POET,7.115,9.26,30.24,62155973,90308339,2026-05-05T12:11:41-04:00,pre_open
2026-05-05,BLDP,3.2775,4.03,22.49,9886993,254545702,2026-05-05T12:11:41-04:00,pre_open
2026-05-05,TONX,2.0653,2.5553,22.26,1147098,32325903,2026-05-05T12:11:41-04:00,pre_open
2026-05-05,FTRE,12.26,14.94,21.96,1376300,92946199,2026-05-05T12:11:41-04:00,pre_open
2026-05-05,IART,10.6676,12.9726,21.81,1313075,58831681,2026-05-05T12:11:41-04:00,pre_open
2026-05-05,STRL,529.49,778.11,46.95,1446923,29950327,2026-05-05T12:13:05-04:00,pre_open
2026-05-05,DGXX,3.9498,5.4798,38.73,90475684,59380074,2026-05-05T12:13:05-04:00,pre_open
2026-05-05,DOCN,108.81,148.81,36.76,9113886,71493844,2026-05-05T12:13:05-04:00,pre_open
2026-05-05,VRDN,14.06,18.325,30.33,10550171,69560778,2026-05-05T12:13:05-04:00,pre_open
2026-05-05,POET,7.1153,9.2603,30.24,62342156,90308339,2026-05-05T12:13:05-04:00,pre_open
2026-05-06,BLMN,5.76,8.17,41.84,5053627,84128675,2026-05-06T11:24:03-04:00,pre_open
2026-05-06,MNKD,2.86,4.005,40.03,1256366,302443709,2026-05-06T11:24:03-04:00,pre_open
2026-05-06,HUT,80.51,106.655,32.47,859435,85062744,2026-05-06T11:24:03-04:00,pre_open
2026-05-06,FLEX,96.635,126.95,31.62,1447421,365554359,2026-05-06T11:24:03-04:00,pre_open
2026-05-06,COMP,7.265,9.3,28.1,1482879,542343309,2026-05-06T11:24:03-04:00,pre_open
2026-05-06,IFRX,1.9741,2.445,24.11,12547432,60014640,2026-05-06T11:24:03-04:00,pre_open
2026-05-06,VECO,49.5854,60.1604,21.44,2547634,58734118,2026-05-06T11:24:03-04:00,pre_open
2026-05-06,MNKD,2.86,3.995,39.69,1728347,302443709,2026-05-06T11:38:57-04:00,pre_open
2026-05-06,BLMN,5.76,8.0298,39.41,5297286,84128675,2026-05-06T11:38:57-04:00,pre_open
2026-05-06,HUT,80.51,106.625,32.44,1361084,85062744,2026-05-06T11:38:57-04:00,pre_open
2026-05-06,FLEX,96.39,125.86,30.49,2355428,365554359,2026-05-06T11:38:57-04:00,pre_open
2026-05-06,COMP,7.26,9.455,30.23,3683375,542343309,2026-05-06T11:38:57-04:00,pre_open
2026-05-06,IFRX,1.97,2.449,24.31,12825869,60014640,2026-05-06T11:38:57-04:00,pre_open
2026-05-06,VECO,49.4796,60.8,22.73,2651664,58734118,2026-05-06T11:38:57-04:00,pre_open
2026-05-06,VCYT,32.8987,39.6787,20.35,816700,79019022,2026-05-06T11:38:57-04:00,pre_open
2026-05-06,MNKD,2.86,3.9914,39.56,1736142,302443709,2026-05-06T11:39:42-04:00,pre_open
2026-05-06,BLMN,5.759,8.005,38.98,5301558,84128675,2026-05-06T11:39:42-04:00,pre_open
2026-05-06,HUT,80.51,106.69,32.52,1380315,85062744,2026-05-06T11:39:42-04:00,pre_open
2026-05-06,FLEX,96.335,125.62,30.24,2377277,365554359,2026-05-06T11:39:42-04:00,pre_open
2026-05-06,COMP,7.27,9.44,30.03,3813884,542343309,2026-05-06T11:39:42-04:00,pre_open
2026-05-06,IFRX,1.979,2.479,25.84,12857961,60014640,2026-05-06T11:39:42-04:00,pre_open
2026-05-06,VECO,49.534,60.84,22.81,2652030,58734118,2026-05-06T11:39:42-04:00,pre_open
2026-05-06,BLMN,5.76,8.105,40.71,5532149,84128675,2026-05-06T11:52:38-04:00,pre_open
2026-05-06,MNKD,2.86,4.0099,40.21,2195306,302443709,2026-05-06T11:52:38-04:00,pre_open
2026-05-06,HUT,80.53,108.42,34.67,1756051,85062744,2026-05-06T11:52:38-04:00,pre_open
2026-05-06,FLEX,96.5122,125.9172,30.55,2731507,365554359,2026-05-06T11:52:38-04:00,pre_open
2026-05-06,COMP,7.261,9.405,29.55,4819420,542343309,2026-05-06T11:52:38-04:00,pre_open
2026-05-06,IFRX,1.96,2.465,25.13,13123965,60014640,2026-05-06T11:52:38-04:00,pre_open
2026-05-06,VECO,49.7214,61.1814,23.5,2807602,58734118,2026-05-06T11:52:38-04:00,pre_open
2026-05-06,NNE,22.77,27.91,22.57,4076704,39585163,2026-05-06T11:52:38-04:00,pre_open
2026-05-06,BLMN,5.76,8.22,42.71,5714163,84128675,2026-05-06T12:02:51-04:00,pre_open
2026-05-06,MNKD,2.86,3.985,39.34,2705748,302443709,2026-05-06T12:02:51-04:00,pre_open
2026-05-06,HUT,80.51,108.506,34.77,2023485,85062744,2026-05-06T12:02:51-04:00,pre_open
2026-05-07,HIMX,12.33,17.7495,43.95,16864660,170502414,2026-05-07T11:25:29-04:00,pre_open
2026-05-07,AAON,98.3,141.3084,43.75,3306780,67680738,2026-05-07T11:25:29-04:00,pre_open
2026-05-07,OSG,4.22,5.96,41.23,2558967,39889429,2026-05-07T11:25:29-04:00,pre_open
2026-05-07,XMTR,56.4,77.2044,36.89,1511302,44458100,2026-05-07T11:25:29-04:00,pre_open
2026-05-07,CMRC,2.88,3.72,29.17,1882667,64905942,2026-05-07T11:25:29-04:00,pre_open
2026-05-07,CCRN,10.11,13.055,29.13,2462179,29808021,2026-05-07T11:25:29-04:00,pre_open
2026-05-07,DDOG,143.71,185.305,28.94,14246123,325395991,2026-05-07T11:25:29-04:00,pre_open
2026-05-07,WRBY,22.03,28.34,28.64,3771990,92199503,2026-05-07T11:25:29-04:00,pre_open
2026-05-07,ASPN,4.115,5.28,28.31,2890838,77494119,2026-05-07T11:25:29-04:00,pre_open
2026-05-07,FLNC,13.56,17.305,27.62,22785521,65395611,2026-05-07T11:25:29-04:00,pre_open
2026-05-07,SITM,621.8088,787.855,26.39,619718,22459601,2026-05-07T11:25:29-04:00,pre_open
2026-05-07,ACVA,5.22,6.56,25.67,5107490,163012627,2026-05-07T11:25:29-04:00,pre_open
2026-05-07,FTNT,89.95,111.18,23.6,8732949,623504006,2026-05-07T11:25:29-04:00,pre_open
2026-05-07,HRB,29.33,36.17,23.36,2528097,125661999,2026-05-07T11:25:29-04:00,pre_open
2026-05-07,BLBD,65.04,79.04,21.53,737189,31224172,2026-05-07T11:25:29-04:00,pre_open
2026-05-07,PCT,7.62,9.2253,21.07,4020766,175663434,2026-05-07T11:25:29-04:00,pre_open
2026-05-07,JMIA,7.47,8.97,20.24,7018508,61707770,2026-05-07T11:25:29-04:00,pre_open
2026-05-07,AAON,98.3,138.38,40.77,3617561,67680738,2026-05-07T11:40:23-04:00,pre_open
2026-05-07,HIMX,12.33,17.34,40.63,17337281,170502414,2026-05-07T11:40:23-04:00,pre_open
2026-05-07,XMTR,56.4,77.9123,38.14,1576645,44458100,2026-05-07T11:40:23-04:00,pre_open
2026-05-07,OSG,4.22,5.68,34.6,5239086,39889429,2026-05-07T11:40:23-04:00,pre_open
2026-05-07,CMRC,2.88,3.7512,30.25,1966020,64905942,2026-05-07T11:40:23-04:00,pre_open
2026-05-07,DDOG,143.71,186.935,30.08,14748750,325395991,2026-05-07T11:40:23-04:00,pre_open
2026-05-07,CCRN,10.11,13.0608,29.19,2569512,29808021,2026-05-07T11:40:23-04:00,pre_open
2026-05-07,ASPN,4.115,5.315,29.16,2987640,77494119,2026-05-07T11:40:23-04:00,pre_open
2026-05-07,WRBY,22.03,28.24,28.19,4133014,92199503,2026-05-07T11:40:23-04:00,pre_open
2026-05-07,ACVA,5.22,6.62,26.82,5374260,163012627,2026-05-07T11:40:23-04:00,pre_open
2026-05-07,VCX,158.98,201,26.43,505883,28317724,2026-05-07T11:40:23-04:00,pre_open
2026-05-07,SITM,623.9729,785.8979,26.08,636780,22459601,2026-05-07T11:40:23-04:00,pre_open
2026-05-07,FLNC,13.56,16.97,25.15,23897390,65395611,2026-05-07T11:40:23-04:00,pre_open
2026-05-07,HRB,29.32,36.52,24.56,2707530,125661999,2026-05-07T11:40:23-04:00,pre_open
2026-05-07,FTNT,89.95,111.36,23.8,9071807,623504006,2026-05-07T11:40:23-04:00,pre_open
2026-05-07,BLBD,64.7901,79.44,22.14,779962,31224172,2026-05-07T11:40:23-04:00,pre_open
2026-05-07,PCT,7.62,9.2,20.73,4314217,175663434,2026-05-07T11:40:23-04:00,pre_open
2026-05-07,JMIA,7.4673,8.9573,20.07,7289836,61707770,2026-05-07T11:40:23-04:00,pre_open
2026-05-07,AAON,98.3,138.4685,40.86,3621863,67680738,2026-05-07T11:41:00-04:00,pre_open
2026-05-07,HIMX,12.33,17.215,39.62,17378056,170502414,2026-05-07T11:41:00-04:00,pre_open
2026-05-07,XMTR,56.4679,77.945,38.2,1578765,44458100,2026-05-07T11:41:00-04:00,pre_open
2026-05-07,OSG,4.21,5.69,34.83,5248382,39889429,2026-05-07T11:41:00-04:00,pre_open
2026-05-07,CMRC,2.88,3.775,31.08,1987362,64905942,2026-05-07T11:41:00-04:00,pre_open
2026-05-07,DDOG,143.6713,186.5613,29.82,14771429,325395991,2026-05-07T11:41:00-04:00,pre_open
2026-05-07,ASPN,4.1179,5.3179,29.23,2989526,77494119,2026-05-07T11:41:00-04:00,pre_open
2026-05-07,CCRN,10.1146,13.0649,29.23,2569794,29808021,2026-05-07T11:41:00-04:00,pre_open
2026-05-07,WRBY,22.06,28.21,28.05,4141557,92199503,2026-05-07T11:41:00-04:00,pre_open
2026-05-07,ACVA,5.225,6.61,26.63,5411441,163012627,2026-05-07T11:41:00-04:00,pre_open
2026-05-07,VCX,158.98,200.89,26.36,506780,28317724,2026-05-07T11:41:00-04:00,pre_open
2026-05-07,SITM,623.11,787.03,26.26,637047,22459601,2026-05-07T11:41:00-04:00,pre_open
2026-05-07,FLNC,13.525,16.96,25.07,23922998,65395611,2026-05-07T11:41:00-04:00,pre_open
2026-05-07,HRB,29.34,36.53,24.59,2709421,125661999,2026-05-07T11:41:00-04:00,pre_open
2026-05-07,FTNT,89.95,111.37,23.81,9088194,623504006,2026-05-07T11:41:00-04:00,pre_open
2026-05-07,BLBD,65.149,79.49,22.22,780823,31224172,2026-05-07T11:41:00-04:00,pre_open
2026-05-07,PCT,7.62,9.2,20.73,4317136,175663434,2026-05-07T11:41:00-04:00,pre_open
2026-05-07,AAON,98.3,136.09,38.44,3975302,67680738,2026-05-07T11:53:25-04:00,pre_open
2026-05-07,XMTR,56.4,77.9254,38.17,1627880,44458100,2026-05-07T11:53:25-04:00,pre_open
2026-05-07,HIMX,12.33,16.99,37.79,17995532,170502414,2026-05-07T11:53:25-04:00,pre_open
2026-05-07,OSG,4.22,5.69,34.83,5321771,39889429,2026-05-07T11:53:25-04:00,pre_open
2026-05-07,CMRC,2.88,3.805,32.12,2052102,64905942,2026-05-07T11:53:25-04:00,pre_open
2026-05-07,VCX,158.98,207.2,30.33,524158,28317724,2026-05-07T11:53:25-04:00,pre_open
2026-05-07,DDOG,143.71,187.18,30.25,15131145,325395991,2026-05-07T11:53:25-04:00,pre_open
2026-05-07,CCRN,10.11,13.095,29.53,2846079,29808021,2026-05-07T11:53:25-04:00,pre_open
2026-05-07,ASPN,4.115,5.255,27.7,3159219,77494119,2026-05-07T11:53:25-04:00,pre_open
2026-05-07,SITM,623.33,790.2931,26.79,657928,22459601,2026-05-07T11:53:25-04:00,pre_open
2026-05-07,WRBY,22.03,27.87,26.51,4317206,92199503,2026-05-07T11:53:25-04:00,pre_open
2026-05-07,FLNC,13.56,17.035,25.63,24481724,65395611,2026-05-07T11:53:25-04:00,pre_open
2026-05-07,HRB,29.32,36.51,24.52,2814868,125661999,2026-05-07T11:53:25-04:00,pre_open
2026-05-07,FTNT,89.9836,110.9736,23.37,9315226,623504006,2026-05-07T11:53:25-04:00,pre_open
2026-05-07,ACVA,5.22,6.41,22.8,6033381,163012627,2026-05-07T11:53:25-04:00,pre_open
2026-05-07,JMIA,7.46,9.01,20.78,7394096,61707770,2026-05-07T11:53:25-04:00,pre_open
2026-05-07,PCT,7.62,9.175,20.41,4490999,175663434,2026-05-07T11:53:25-04:00,pre_open
2026-05-07,BOBS,9.85,11.835,20.15,786277,106789767,2026-05-07T11:53:25-04:00,pre_open
2026-05-07,AAON,98.3,134.0894,36.41,4264250,67680738,2026-05-07T12:07:47-04:00,pre_open
2026-05-07,HIMX,12.33,16.79,36.17,18393787,170502414,2026-05-07T12:07:47-04:00,pre_open
2026-05-07,XMTR,56.4,76.48,35.6,1685922,44458100,2026-05-07T12:07:47-04:00,pre_open
2026-05-07,OSG,4.22,5.62,33.18,5461642,39889429,2026-05-07T12:07:47-04:00,pre_open
2026-05-07,CMRC,2.88,3.735,29.69,2084170,64905942,2026-05-07T12:07:47-04:00,pre_open
2026-05-07,CCRN,10.11,13.075,29.33,2899309,29808021,2026-05-07T12:07:47-04:00,pre_open
2026-05-07,DDOG,143.71,185.705,29.22,15518100,325395991,2026-05-07T12:07:47-04:00,pre_open
2026-05-07,VCX,158.98,205,28.95,545537,28317724,2026-05-07T12:07:47-04:00,pre_open
2026-05-08,RXT,3.525,5.005,42.19,56939497,74765660,2026-05-08T10:47:30-04:00,pre_open
2026-05-08,WEST,5.9,8.02,35.93,2545036,34938869,2026-05-08T10:47:30-04:00,pre_open
2026-05-08,FLNC,18.97,24.95,31.52,24589167,65395611,2026-05-08T10:47:30-04:00,pre_open
2026-05-08,LASR,66.19,81.075,22.49,1560780,52090328,2026-05-08T10:47:30-04:00,pre_open
2026-05-08,RKLB,78.61,95.81,21.93,32016031,528603808,2026-05-08T10:47:30-04:00,pre_open
2026-05-08,PYXS,2.26,2.7411,21.29,612824,40395465,2026-05-08T10:47:30-04:00,pre_open
2026-05-08,MXL,82.12,99.64,20.97,2605227,84171807,2026-05-08T10:47:30-04:00,pre_open
2026-05-08,POET,9.5636,11.565,20.72,34607212,90308339,2026-05-08T10:47:30-04:00,pre_open
2026-05-08,RXT,3.52,5.2103,48.02,65787962,74765660,2026-05-08T11:03:52-04:00,pre_open
2026-05-08,WEST,5.9,8.1,37.29,2684148,34938869,2026-05-08T11:03:52-04:00,pre_open
2026-05-08,FLNC,18.97,24.495,29.12,25970277,65395611,2026-05-08T11:03:52-04:00,pre_open
2026-05-08,RKLB,78.555,97.52,24.1,34848391,528603808,2026-05-08T11:03:52-04:00,pre_open
2026-05-08,MXL,82.37,99.8989,21.28,3194171,84171807,2026-05-08T11:03:52-04:00,pre_open
2026-05-08,AKAM,116.69,141.08,20.9,9732064,141641171,2026-05-08T11:03:52-04:00,pre_open
2026-05-08,POET,9.555,11.535,20.41,39208491,90308339,2026-05-08T11:03:52-04:00,pre_open
2026-05-08,LASR,66.12,79.6,20.26,1674488,52090328,2026-05-08T11:03:52-04:00,pre_open
2026-05-08,EOSE,6.36,7.635,20.05,19932141,256044663,2026-05-08T11:03:52-04:00,pre_open
2026-05-08,RXT,3.52,5.21,48.01,65998668,74765660,2026-05-08T11:04:46-04:00,pre_open
2026-05-08,WEST,5.895,8.085,37.03,2688029,34938869,2026-05-08T11:04:46-04:00,pre_open
2026-05-08,FLNC,18.9832,24.54,29.36,25999709,65395611,2026-05-08T11:04:46-04:00,pre_open
2026-05-08,RKLB,78.5197,97.56,24.15,34940707,528603808,2026-05-08T11:04:46-04:00,pre_open
2026-05-08,MXL,82.37,100.14,21.57,3214062,84171807,2026-05-08T11:04:46-04:00,pre_open
2026-05-08,AKAM,116.685,141.185,20.99,9747274,141641171,2026-05-08T11:04:46-04:00,pre_open
2026-05-08,POET,9.58,11.54,20.46,39333769,90308339,2026-05-08T11:04:46-04:00,pre_open
2026-05-08,EOSE,6.355,7.645,20.2,20009758,256044663,2026-05-08T11:04:46-04:00,pre_open
2026-05-08,LASR,66.2899,79.55,20.18,1675584,52090328,2026-05-08T11:04:46-04:00,pre_open
2026-05-08,RXT,3.52,5.16,46.59,68481147,74765660,2026-05-08T11:09:24-04:00,pre_open
2026-05-08,WEST,5.9039,8.0789,36.93,2724618,34938869,2026-05-08T11:09:24-04:00,pre_open
2026-05-08,FLNC,18.9867,24.0567,26.81,26414206,65395611,2026-05-08T11:09:24-04:00,pre_open
2026-05-08,RKLB,78.68,97.79,24.45,35844073,528603808,2026-05-08T11:09:24-04:00,pre_open
2026-05-08,MXL,82.395,100.46,21.96,3280722,84171807,2026-05-08T11:09:24-04:00,pre_open
2026-05-08,POET,9.585,11.61,21.19,40067435,90308339,2026-05-08T11:09:24-04:00,pre_open
2026-05-08,EOSE,6.37,7.675,20.68,20480880,256044663,2026-05-08T11:09:24-04:00,pre_open
2026-05-08,GRPN,15.43,18.64,20.57,2880040,25056926,2026-05-08T11:09:24-04:00,pre_open
2026-05-08,AKAM,116.6251,140.095,20.06,9885779,141641171,2026-05-08T11:09:24-04:00,pre_open
2026-05-08,RXT,3.5213,5.1114,45.21,75811796,74765660,2026-05-08T11:26:01-04:00,pre_open
2026-05-08,WEST,5.9,8.185,38.73,2991807,34938869,2026-05-08T11:26:01-04:00,pre_open
2026-05-08,FLNC,18.9607,24.775,30.6,27540672,65395611,2026-05-08T11:26:01-04:00,pre_open
2026-05-08,RKLB,78.44,97.9,24.59,38104952,528603808,2026-05-08T11:26:01-04:00,pre_open
2026-05-08,MX,3.8599,4.6699,20.98,1719845,27076283,2026-05-08T11:26:01-04:00,pre_open
2026-05-08,AKAM,116.72,140.68,20.56,10295436,141641171,2026-05-08T11:26:01-04:00,pre_open
2026-05-08,FLY,32.3326,38.9,20.21,5885418,138869447,2026-05-08T11:26:01-04:00,pre_open
2026-05-08,WEST,5.9,8.185,38.73,3154299,34938869,2026-05-08T11:57:05-04:00,pre_open
2026-05-08,FLNC,18.9102,24.77,30.57,29357373,65716096,2026-05-08T11:57:05-04:00,pre_open
2026-05-08,RKLB,78.59,98.84,25.78,44096200,528603808,2026-05-08T11:57:05-04:00,pre_open
2026-05-08,EOSE,6.365,7.83,23.11,27367139,256044663,2026-05-08T11:57:05-04:00,pre_open
2026-05-08,AKAM,116.73,142.64,22.24,10912797,141641171,2026-05-08T11:57:05-04:00,pre_open
2026-05-08,GRPN,15.46,18.755,21.31,3253319,25056926,2026-05-08T11:57:05-04:00,pre_open
2026-05-08,WEST,5.9,8.135,37.88,3159726,34938869,2026-05-08T11:59:54-04:00,pre_open
2026-05-08,FLNC,18.97,24.92,31.37,29422950,65716096,2026-05-08T11:59:54-04:00,pre_open
2026-05-11,GSIT,8.45,11.57,36.92,7957982,29872434,2026-05-11T11:52:33-04:00,pre_open
2026-05-11,BZH,18.77,24.915,32.74,2528763,24343728,2026-05-11T11:52:33-04:00,pre_open
2026-05-11,VCX,190.99,248.96,30.35,518936,28317724,2026-05-11T11:52:33-04:00,pre_open
2026-05-11,POET,10.95,14.105,28.81,49737713,90308339,2026-05-11T11:52:33-04:00,pre_open
2026-05-11,INOD,84.89,108.47,27.78,7937771,30985696,2026-05-11T11:52:33-04:00,pre_open
2026-05-11,AAOI,148.94,185.57,24.59,10369285,76361455,2026-05-11T11:52:33-04:00,pre_open
2026-05-11,NVTS,18.21,22.29,22.47,38502228,206069573,2026-05-11T11:52:33-04:00,pre_open
2026-05-11,HIMX,17.79,21.47,20.69,9235898,170502414,2026-05-11T11:52:33-04:00,pre_open
2026-05-11,DRTS,8.4869,10.226,20.16,3559127,59225863,2026-05-11T11:52:33-04:00,pre_open
2026-05-11,BTBT,1.795,2.16,20,34457359,320372252,2026-05-11T11:52:33-04:00,pre_open
2026-05-11,GSIT,8.45,12.215,44.56,8752445,29872434,2026-05-11T12:13:05-04:00,pre_open
2026-05-11,BZH,18.77,24.84,32.34,2674629,24343728,2026-05-11T12:13:05-04:00,pre_open
2026-05-11,VCX,190.99,248.59,30.16,534006,28317724,2026-05-11T12:13:05-04:00,pre_open
2026-05-11,INOD,84.7946,108.4046,27.7,8234505,30985696,2026-05-11T12:13:05-04:00,pre_open
2026-05-11,POET,10.955,13.98,27.67,53859637,90308339,2026-05-11T12:13:05-04:00,pre_open
2026-05-11,NVTS,18.225,22.35,22.8,39656811,206069573,2026-05-11T12:13:05-04:00,pre_open
2026-05-11,AAOI,148.49,182.555,22.57,10718989,76361455,2026-05-11T12:13:05-04:00,pre_open
2026-05-11,FCEL,13.71,16.73,22.12,8562440,52793369,2026-05-11T12:13:05-04:00,pre_open
2026-05-11,AEVA,13.57,16.515,21.7,1580500,40355015,2026-05-11T12:13:05-04:00,pre_open
2026-05-11,HIMX,17.7843,21.3943,20.26,9508656,170502414,2026-05-11T12:13:05-04:00,pre_open
2026-05-11,GSIT,8.46,12.26,45.09,9019274,29872434,2026-05-11T12:16:46-04:00,pre_open
2026-05-11,BZH,18.77,24.89,32.61,2732576,24343728,2026-05-11T12:16:46-04:00,pre_open
2026-05-11,VCX,188.99,250,30.9,541227,28317724,2026-05-11T12:16:46-04:00,pre_open
2026-05-11,INOD,84.98,106.91,25.94,8327720,30985696,2026-05-11T12:16:46-04:00,pre_open
2026-05-11,POET,10.935,13.785,25.89,54496707,90308339,2026-05-11T12:16:46-04:00,pre_open
2026-05-11,AAOI,148.96,182.94,22.83,10774289,76361455,2026-05-11T12:16:46-04:00,pre_open
2026-05-11,NVTS,18.225,22.29,22.47,40029840,206069573,2026-05-11T12:16:46-04:00,pre_open
2026-05-11,FCEL,13.685,16.615,21.28,8766705,52793369,2026-05-11T12:16:46-04:00,pre_open
2026-05-11,AEVA,13.61,16.41,20.93,1657387,40355015,2026-05-11T12:16:46-04:00,pre_open
2026-05-11,GSIT,8.45,12.195,44.32,9424323,29872434,2026-05-11T12:34:02-04:00,pre_open
2026-05-12,QUBT,10.1864,13.265,30.3,72338579,121523934,2026-05-12T10:10:41-04:00,pre_open
2026-05-12,VSTS,9.295,11.995,28.98,2150529,110950103,2026-05-12T10:10:41-04:00,pre_open
2026-05-12,MGNX,2.941,3.7299,26.44,5892981,55592291,2026-05-12T10:10:41-04:00,pre_open
2026-05-12,PACS,31.9,39.3,23.2,807224,46225378,2026-05-12T10:10:41-04:00,pre_open
2026-05-12,DDD,2.51,3.0599,21.91,5222256,140305882,2026-05-12T10:10:41-04:00,pre_open
2026-05-12,BAK,3.795,4.57,20.26,2925296,202307425,2026-05-12T10:10:41-04:00,pre_open
2026-05-12,BWEN,2.03,2.66,31.03,541607,20222745,2026-05-12T10:15:20-04:00,pre_open
2026-05-12,VSTS,9.34,12.06,29.68,2415430,110950103,2026-05-12T10:15:20-04:00,pre_open
2026-05-12,QUBT,10.195,13.16,29.27,74069216,121523934,2026-05-12T10:15:20-04:00,pre_open
2026-05-12,MGNX,2.9499,3.66,24.07,6290462,55592291,2026-05-12T10:15:20-04:00,pre_open
2026-05-12,PACS,31.9,39.13,22.66,837463,46225378,2026-05-12T10:15:20-04:00,pre_open
2026-05-12,DDD,2.51,3.035,20.92,5481736,140305882,2026-05-12T10:15:20-04:00,pre_open
2026-05-12,VSTS,9.3,12.375,33.06,2810704,110950103,2026-05-12T10:27:21-04:00,pre_open
2026-05-12,BWEN,2.03,2.68,32.02,729862,20222745,2026-05-12T10:27:21-04:00,pre_open
2026-05-12,QUBT,10.175,12.745,25.2,79413411,121523934,2026-05-12T10:27:21-04:00,pre_open
2026-05-12,PACS,31.9,39.585,24.09,985310,46225378,2026-05-12T10:27:21-04:00,pre_open
2026-05-12,DDD,2.5101,3.1101,23.91,6677985,140305882,2026-05-12T10:27:21-04:00,pre_open
2026-05-12,MGNX,2.95,3.625,22.88,6606306,55592291,2026-05-12T10:27:21-04:00,pre_open
2026-05-12,BWEN,2.03,2.76,35.96,1981371,20222745,2026-05-12T11:02:50-04:00,pre_open
2026-05-12,VSTS,9.3,12.08,29.89,3803108,110950103,2026-05-12T11:02:50-04:00,pre_open
2026-05-12,BAK,3.805,4.62,21.58,4122895,202307425,2026-05-12T11:02:50-04:00,pre_open
2026-05-12,BWEN,2.03,2.97,46.31,2613311,20222745,2026-05-12T11:25:11-04:00,pre_open
2026-05-12,VSTS,9.295,12.18,30.97,4253344,110950103,2026-05-12T11:25:11-04:00,pre_open
2026-05-12,MGNX,2.95,3.6099,22.37,7409171,55592291,2026-05-12T11:25:11-04:00,pre_open
2026-05-12,BAK,3.8,4.575,20.39,4504752,202307425,2026-05-12T11:25:11-04:00,pre_open
2026-05-12,PACS,31.9,38.39,20.34,1402807,46551071,2026-05-12T11:25:11-04:00,pre_open
2026-05-12,VSTS,9.3,12.0753,29.84,4336014,110950103,2026-05-12T11:30:25-04:00,pre_open
2026-05-12,MGNX,2.95,3.59,21.69,7454555,55592291,2026-05-12T11:30:25-04:00,pre_open
2026-05-12,BAK,3.8,4.6,21.05,4600882,202307425,2026-05-12T11:30:25-04:00,pre_open
2026-05-12,PACS,31.9,38.33,20.16,1428642,46551071,2026-05-12T11:30:25-04:00,pre_open
2026-05-12,BWEN,2.03,3.0303,49.28,3904416,20222745,2026-05-12T11:33:01-04:00,pre_open
2026-05-12,VSTS,9.3,12.09,30,4358197,110950103,2026-05-12T11:33:01-04:00,pre_open
2026-05-12,MGNX,2.9529,3.5979,21.96,7459064,55592291,2026-05-12T11:33:01-04:00,pre_open
2026-05-12,BAK,3.8,4.6,21.05,4619890,202307425,2026-05-12T11:33:01-04:00,pre_open
2026-05-12,PACS,31.91,38.55,20.85,1452918,46551071,2026-05-12T11:33:01-04:00,pre_open
2026-05-13,VNET,9.02,11.55,28.05,17154733,257637747,2026-05-13T09:41:41-04:00,pre_open
2026-05-13,SLS,5.22,6.52,24.9,4155376,140166773,2026-05-13T09:41:41-04:00,pre_open
2026-05-13,PSNL,6.04,7.29,20.7,912047,52761476,2026-05-13T09:41:41-04:00,pre_open
2026-05-13,VNET,9.02,11.595,28.55,30477323,257637747,2026-05-13T10:11:19-04:00,pre_open
2026-05-13,VNET,9.025,11.59,28.49,31366019,257637747,2026-05-13T10:16:18-04:00,pre_open
2026-05-13,VNET,9.015,11.375,26.11,34616818,257637747,2026-05-13T10:28:01-04:00,pre_open
2026-05-13,CCCC,3.17,3.825,20.66,3969413,70284584,2026-05-13T10:28:01-04:00,pre_open
2026-05-13,VNET,9.02,11.46,27.05,42442370,257637747,2026-05-13T11:06:57-04:00,pre_open
2026-05-13,CCCC,3.171,3.885,22.56,5590853,70284584,2026-05-13T11:06:57-04:00,pre_open
2026-05-13,REPL,4.085,4.995,22.13,5081525,76112945,2026-05-13T11:06:57-04:00,pre_open
2026-05-13,VNET,9.0151,11.4701,27.16,47150207,257637747,2026-05-13T11:26:04-04:00,pre_open
2026-05-13,CCCC,3.1737,3.8887,22.67,5973086,70284584,2026-05-13T11:26:04-04:00,pre_open
2026-05-13,REPL,4.09,4.99,22.0,6506398,76112945,2026-05-13T11:26:04-04:00,pre_open
2026-05-13,VNET,9.03,11.45,26.94,47529801,257637747,2026-05-13T11:31:23-04:00,pre_open
2026-05-13,CCCC,3.175,3.89,22.71,6039588,70284584,2026-05-13T11:31:23-04:00,pre_open
2026-05-13,REPL,4.0892,5.0142,22.6,6644852,76112945,2026-05-13T11:31:23-04:00,pre_open
2026-05-13,VNET,9.02,11.425,26.66,47741444,257637747,2026-05-13T11:35:04-04:00,pre_open
2026-05-13,CCCC,3.1688,3.885,22.56,6120529,70284584,2026-05-13T11:35:04-04:00,pre_open
2026-05-13,REPL,4.09,5.005,22.37,7178623,76112945,2026-05-13T11:35:04-04:00,pre_open
2026-05-14,POET,14.37,19.225,33.79,28321331,90308339,2026-05-14T09:33:46-04:00,pre_open
2026-05-14,POET,14.355,18.585,29.33,53900319,90308339,2026-05-14T10:09:51-04:00,pre_open
2026-05-14,ARX,12.53,15.165,21.03,663665,56952382,2026-05-14T10:09:51-04:00,pre_open
2026-05-14,POET,14.37,18.54,29.02,55293271,90308339,2026-05-14T10:14:28-04:00,pre_open
2026-05-14,ARX,12.53,15.22,21.47,730466,56952382,2026-05-14T10:14:28-04:00,pre_open
2026-05-14,POET,14.37,18.5,28.74,58447923,90308339,2026-05-14T10:26:13-04:00,pre_open
2026-05-14,POET,14.365,18.37,27.84,66146020,90308339,2026-05-14T10:57:28-04:00,pre_open
2026-05-14,PCT,10.195,12.595,23.48,6801510,175801978,2026-05-14T10:57:28-04:00,pre_open
2026-05-14,STUB,7.52,9.0404,20.22,7776704,233154884,2026-05-14T10:57:28-04:00,pre_open
2026-05-14,POET,14.375,18.84,31.11,68777368,90308339,2026-05-14T11:13:23-04:00,pre_open
2026-05-14,PCT,10.2,12.65,24.02,7288613,175801978,2026-05-14T11:13:23-04:00,pre_open
2026-05-14,POET,14.37,19.34,34.59,70682373,90308339,2026-05-14T11:19:24-04:00,pre_open
2026-05-14,PCT,10.18,12.87,26.18,7522268,175801978,2026-05-14T11:19:24-04:00,pre_open
2026-05-14,POET,14.3661,19.076,32.75,71695510,90308339,2026-05-14T11:24:27-04:00,pre_open
2026-05-14,PCT,10.2019,12.695,24.46,7721986,175801978,2026-05-14T11:24:27-04:00,pre_open
2026-05-14,ONDS,8.871,10.65,20.2,104031370,395823021,2026-05-14T11:24:27-04:00,pre_open
2026-05-18,GCTS,1.8361,2.465,34.7,30899429,44084035,2026-05-18T10:11:19-04:00,pre_open
2026-05-18,HIVE,2.69,3.62,34.57,54571029,252043072,2026-05-18T10:11:19-04:00,pre_open
2026-05-18,RAMP,29.66,37.735,27.23,5403512,60676911,2026-05-18T10:11:19-04:00,pre_open
2026-05-18,TE,5.685,7.035,24.07,32269602,114352348,2026-05-18T10:11:19-04:00,pre_open
2026-05-18,GCTS,1.83,2.445,33.61,35398791,44084035,2026-05-18T10:36:43-04:00,pre_open
2026-05-18,RAMP,29.66,37.8,27.44,6315282,60676911,2026-05-18T10:36:43-04:00,pre_open
2026-05-18,HIVE,2.6851,3.3501,24.54,65894597,252043072,2026-05-18T10:36:43-04:00,pre_open
2026-05-18,GCTS,1.83,2.4699,34.97,35510205,44084035,2026-05-18T10:37:46-04:00,pre_open
2026-05-18,RAMP,29.66,37.8,27.44,6327973,60676911,2026-05-18T10:37:46-04:00,pre_open
2026-05-18,HIVE,2.6851,3.3601,24.91,66249050,252043072,2026-05-18T10:37:46-04:00,pre_open
2026-05-18,TE,5.665,6.875,21.25,37276603,114352348,2026-05-18T10:37:46-04:00,pre_open
2026-05-18,GCTS,1.83,2.515,37.43,36189796,44084035,2026-05-18T10:41:57-04:00,pre_open
2026-05-18,RAMP,29.66,37.8,27.44,6472655,60676911,2026-05-18T10:41:57-04:00,pre_open
2026-05-18,HIVE,2.69,3.385,25.84,67612648,252043072,2026-05-18T10:41:57-04:00,pre_open
2026-05-18,TE,5.68,6.93,22.22,38198045,114352348,2026-05-18T10:41:57-04:00,pre_open
2026-05-18,GCTS,1.83,2.665,45.63,40829778,44084035,2026-05-18T11:11:05-04:00,pre_open
2026-05-18,RAMP,29.66,37.875,27.7,6940694,60676911,2026-05-18T11:11:05-04:00,pre_open
2026-05-18,HIVE,2.69,3.43,27.51,76495895,252043072,2026-05-18T11:11:05-04:00,pre_open
2026-05-18,GCTS,1.8332,2.3882,30.5,45631628,44084035,2026-05-18T11:41:18-04:00,pre_open
2026-05-18,RAMP,29.66,37.875,27.7,7274685,60676911,2026-05-18T11:41:18-04:00,pre_open
2026-05-18,HIVE,2.69,3.38,25.65,80308971,252043072,2026-05-18T11:41:18-04:00,pre_open
2026-05-18,GCTS,1.83,2.495,36.34,46768764,44084035,2026-05-18T11:48:22-04:00,pre_open
2026-05-18,RAMP,29.66,37.85,27.61,7374579,60676911,2026-05-18T11:48:22-04:00,pre_open
2026-05-18,HIVE,2.6897,3.3598,24.9,80879119,252043072,2026-05-18T11:48:22-04:00,pre_open
2026-05-18,TE,5.675,6.815,20.19,48950753,114352348,2026-05-18T11:48:22-04:00,pre_open
2026-05-18,GCTS,1.8347,2.565,40.16,47360989,44084035,2026-05-18T11:53:01-04:00,pre_open
2026-05-18,RAMP,29.665,37.855,27.63,7405897,60676911,2026-05-18T11:53:01-04:00,pre_open
2026-05-18,HIVE,2.695,3.4,26.39,81622713,252043072,2026-05-18T11:53:01-04:00,pre_open
2026-05-19,NEOV,1.6,2.01,25.62,2159121,28366556,2026-05-19T12:33:29-04:00,pre_open
2026-05-19,NEOV,1.6,2.01,25.62,2159686,28366556,2026-05-19T12:36:10-04:00,pre_open
2026-05-19,NEOV,1.6,2.01,25.62,2161197,28366556,2026-05-19T12:38:29-04:00,pre_open
2026-05-19,NEOV,1.6,2.0298,26.86,2191481,28366556,2026-05-19T12:51:00-04:00,pre_open
2026-05-19,NEOV,1.6,2.05,28.12,2269717,28366556,2026-05-19T13:24:14-04:00,pre_open
2026-05-19,NEOV,1.6,2.05,28.12,2270046,28366556,2026-05-19T13:26:29-04:00,pre_open
2026-05-19,NEOV,1.6,2.045,27.81,2270302,28366556,2026-05-19T13:27:24-04:00,pre_open
2026-05-20,TE,6.88,9.37,36.19,61170306,114352348,2026-05-20T12:20:40-04:00,pre_open
2026-05-20,IMVT,26.29,35.2543,34.1,12743414,77043036,2026-05-20T12:20:40-04:00,pre_open
2026-05-20,BDTX,3.0,3.625,20.83,4631364,46031739,2026-05-20T12:20:40-04:00,pre_open
2026-05-20,IMVT,26.321,35.181,33.82,13348155,77043036,2026-05-20T12:32:06-04:00,pre_open
2026-05-20,TE,6.88,9.09,32.12,66133567,114352348,2026-05-20T12:32:06-04:00,pre_open
2026-05-20,BDTX,3.0,3.63,21,4743569,46031739,2026-05-20T12:32:06-04:00,pre_open
2026-05-20,IMVT,26.29,35.1319,33.63,13369819,77043036,2026-05-20T12:33:31-04:00,pre_open
2026-05-20,TE,6.88,9.085,32.05,66485614,114352348,2026-05-20T12:33:31-04:00,pre_open
2026-05-20,BDTX,3.0,3.68,22.67,4798859,46031739,2026-05-20T12:33:31-04:00,pre_open
2026-05-20,IMVT,26.29,35.03,33.24,13563440,77043036,2026-05-20T12:36:17-04:00,pre_open
2026-05-20,TE,6.88,8.975,30.45,67287771,114352348,2026-05-20T12:36:17-04:00,pre_open
2026-05-20,BDTX,2.9959,3.715,23.83,4894674,46031739,2026-05-20T12:36:17-04:00,pre_open
2026-05-20,IMVT,26.29,35.59,35.37,14113525,77043036,2026-05-20T12:54:31-04:00,pre_open
2026-05-20,TE,6.875,8.81,28.05,71703242,114352348,2026-05-20T12:54:31-04:00,pre_open
2026-05-20,BDTX,3.0002,3.7402,24.67,5053935,46031739,2026-05-20T12:54:31-04:00,pre_open
2026-05-20,IMVT,26.29,35.1984,33.89,14810289,77043036,2026-05-20T13:36:52-04:00,pre_open
2026-05-20,TE,6.875,8.895,29.29,77692724,114352348,2026-05-20T13:36:52-04:00,pre_open
2026-05-20,BDTX,3.0,3.72,24,6158632,46031739,2026-05-20T13:36:52-04:00,pre_open
2026-05-20,IMVT,26.29,35.0696,33.4,14947032,77043036,2026-05-20T13:41:01-04:00,pre_open
2026-05-20,TE,6.88,8.71,26.6,78739084,114352348,2026-05-20T13:41:01-04:00,pre_open
2026-05-20,BDTX,3.0,3.67,22.33,6200502,46031739,2026-05-20T13:41:01-04:00,pre_open
2026-05-20,IMVT,26.29,35.08,33.43,14948819,77043036,2026-05-20T13:41:35-04:00,pre_open
2026-05-20,TE,6.8849,8.725,26.82,78844505,114352348,2026-05-20T13:41:35-04:00,pre_open
2026-05-20,BDTX,3.0,3.6701,22.34,6203684,46031739,2026-05-20T13:41:35-04:00,pre_open
2026-05-21,INFQ,11.18,14.61,30.68,55113562,41400010,2026-05-21T12:11:28-04:00,pre_open
2026-05-21,NEOV,2.2599,2.93,29.65,1109648,28366556,2026-05-21T12:11:28-04:00,pre_open
2026-05-21,GCTS,2.74,3.4699,26.64,14288983,44084035,2026-05-21T12:11:28-04:00,pre_open
2026-05-21,QBTS,19.3,24.305,25.93,65854344,356440730,2026-05-21T12:11:28-04:00,pre_open
2026-05-21,RGTI,16.875,21.16,25.36,85069540,327475981,2026-05-21T12:11:28-04:00,pre_open
2026-05-21,FCEL,20.2,24.59,21.61,11343940,52791781,2026-05-21T12:11:28-04:00,pre_open
2026-05-21,AAP,51.24,61.63,20.28,3128263,59657664,2026-05-21T12:11:28-04:00,pre_open
2026-05-21,APLD,39.4798,47.44,20.04,24424321,253863370,2026-05-21T12:11:28-04:00,pre_open
2026-05-21,NEOV,2.255,2.925,29.42,1126785,28366556,2026-05-21T12:23:37-04:00,pre_open
2026-05-21,INFQ,11.155,14.435,29.11,56089752,41400010,2026-05-21T12:23:37-04:00,pre_open
2026-05-21,QBTS,19.27,24.2,25.39,67127710,356440730,2026-05-21T12:23:37-04:00,pre_open
2026-05-21,RGTI,16.8414,21.09,24.94,86783197,327475981,2026-05-21T12:23:37-04:00,pre_open
2026-05-21,GCTS,2.73,3.4003,24.1,15142856,44084035,2026-05-21T12:23:37-04:00,pre_open
2026-05-21,FCEL,20.2588,24.4288,20.82,11709209,52791781,2026-05-21T12:23:37-04:00,pre_open
2026-05-21,AAP,51.235,61.86,20.73,3319878,59657664,2026-05-21T12:23:37-04:00,pre_open
2026-05-21,NEOV,2.26,2.96,30.97,1145291,28366556,2026-05-21T12:26:19-04:00,pre_open
2026-05-21,INFQ,11.1801,14.5,29.7,56192177,41400010,2026-05-21T12:26:19-04:00,pre_open
2026-05-21,QBTS,19.295,24.255,25.67,67345398,356440730,2026-05-21T12:26:19-04:00,pre_open
2026-05-21,RGTI,16.865,21.115,25.09,86992263,327475981,2026-05-21T12:26:19-04:00,pre_open
2026-05-21,GCTS,2.74,3.42,24.82,15183343,44084035,2026-05-21T12:26:19-04:00,pre_open
2026-05-21,FCEL,20.2443,24.5043,21.19,11744511,52791781,2026-05-21T12:26:19-04:00,pre_open
2026-05-21,AAP,51.24,61.875,20.76,3345687,59657664,2026-05-21T12:26:19-04:00,pre_open
2026-05-21,NEOV,2.26,2.99,32.3,1345390,28366556,2026-05-21T12:40:05-04:00,pre_open
2026-05-21,INFQ,11.1654,14.52,29.87,56977637,41400010,2026-05-21T12:40:05-04:00,pre_open
2026-05-21,QBTS,19.31,24.235,25.57,68847467,356440730,2026-05-21T12:40:05-04:00,pre_open
2026-05-21,GCTS,2.74,3.435,25.36,15524548,44084035,2026-05-21T12:40:05-04:00,pre_open
2026-05-21,RGTI,16.885,21.12,25.12,88718313,327475981,2026-05-21T12:40:05-04:00,pre_open
2026-05-22,HYLN,4.1999,5.5199,31.43,6189038,123174191,2026-05-22T11:45:09-04:00,pre_open
2026-05-22,HOVR,2.48,3.135,26.41,4118371,37507156,2026-05-22T11:45:09-04:00,pre_open
2026-05-22,BTQ,3.39,4.22,24.85,5127554,89715819,2026-05-22T11:45:09-04:00,pre_open
2026-05-22,RGTI,22.04,26.5014,20.24,95274203,327475981,2026-05-22T11:45:09-04:00,pre_open
2026-05-22,HYLN,4.195,5.48,30.48,6853913,123174191,2026-05-22T11:58:21-04:00,pre_open
2026-05-22,HOVR,2.4845,3.1995,29.01,4486394,37507156,2026-05-22T11:58:21-04:00,pre_open
2026-05-22,RGTI,22.005,27.03,22.64,101461583,327475981,2026-05-22T11:58:21-04:00,pre_open
2026-05-22,BTQ,3.3749,4.125,22.04,5347432,89715819,2026-05-22T11:58:21-04:00,pre_open
2026-05-22,HYLN,4.2,5.4828,30.54,6862305,123174191,2026-05-22T11:58:57-04:00,pre_open
2026-05-22,HOVR,2.48,3.19,28.63,4496952,37507156,2026-05-22T11:58:57-04:00,pre_open
2026-05-22,RGTI,22.0376,27.005,22.53,101685827,327475981,2026-05-22T11:58:57-04:00,pre_open
2026-05-22,BTQ,3.38,4.13,22.19,5353817,89715819,2026-05-22T11:58:57-04:00,pre_open
2026-05-22,HYLN,4.2,5.5199,31.43,6965247,123174191,2026-05-22T12:03:21-04:00,pre_open
2026-05-22,HOVR,2.4789,3.18,28.23,4608531,37507156,2026-05-22T12:03:21-04:00,pre_open
2026-05-22,RGTI,22.0467,27.2209,23.51,103441722,327475981,2026-05-22T12:03:21-04:00,pre_open
2026-05-22,BTQ,3.38,4.13,22.19,5399671,89715819,2026-05-22T12:03:21-04:00,pre_open
2026-05-22,CRNC,9.69,11.7499,21.26,1467418,43809129,2026-05-22T12:03:21-04:00,pre_open
2026-05-22,SPCE,2.755,3.315,20.55,21110296,62222762,2026-05-22T12:03:21-04:00,pre_open
2026-05-22,QBTS,25.77,30.93,20.16,75021062,356440730,2026-05-22T12:03:21-04:00,pre_open
2026-05-22,HYLN,4.205,5.525,31.55,7858480,123174191,2026-05-22T12:27:49-04:00,pre_open
2026-05-22,HOVR,2.48,3.175,28.02,4874709,37507156,2026-05-22T12:27:49-04:00,pre_open
2026-05-22,RGTI,22.04,27.63,25.36,113835716,327475981,2026-05-22T12:27:49-04:00,pre_open
2026-05-22,SPCE,2.745,3.38,22.91,23901026,62222762,2026-05-22T12:27:49-04:00,pre_open
2026-05-22,QBTS,25.73,31.45,22.18,81110708,356440730,2026-05-22T12:27:49-04:00,pre_open
2026-05-22,BTQ,3.37,4.1,21.3,5623371,89715819,2026-05-22T12:27:49-04:00,pre_open
2026-05-22,HYLN,4.2,5.59,33.1,8239847,123174191,2026-05-22T12:40:00-04:00,pre_open
2026-05-22,HOVR,2.48,3.185,28.43,5148776,37507156,2026-05-22T12:40:00-04:00,pre_open
2026-05-22,RGTI,22.105,27.625,25.34,119150089,327475981,2026-05-22T12:40:00-04:00,pre_open
2026-05-22,BTQ,3.375,4.12,21.89,5721282,89715819,2026-05-22T12:40:00-04:00,pre_open
2026-05-22,QBTS,25.7806,31.16,21.06,84290547,356440730,2026-05-22T12:40:00-04:00,pre_open
2026-05-22,HYLN,4.2,5.57,32.62,8262670,123174191,2026-05-22T12:40:36-04:00,pre_open
2026-05-22,HOVR,2.48,3.1901,28.63,5154860,37507156,2026-05-22T12:40:36-04:00,pre_open
2026-05-25,HYLN,4.2,5.99,42.62,20099923,123200940,2026-05-25T11:45:46-04:00,pre_open
2026-05-25,HOVR,2.48,3.14,26.61,8545050,37507156,2026-05-25T11:45:46-04:00,pre_open
2026-05-25,SIDU,4.13,5.12,23.97,40583051,36765507,2026-05-25T11:45:46-04:00,pre_open
2026-05-25,HYLN,4.2,5.99,42.62,20099923,123200940,2026-05-25T12:04:49-04:00,pre_open
2026-05-25,HOVR,2.48,3.14,26.61,8545050,37507156,2026-05-25T12:04:49-04:00,pre_open
2026-05-25,SIDU,4.13,5.12,23.97,40583051,36765507,2026-05-25T12:04:49-04:00,pre_open
2026-05-25,HYLN,4.2,5.99,42.62,20099923,123200940,2026-05-25T12:08:22-04:00,pre_open
2026-05-25,HOVR,2.48,3.14,26.61,8545050,37507156,2026-05-25T12:08:22-04:00,pre_open
2026-05-25,SIDU,4.13,5.12,23.97,40583051,36765507,2026-05-25T12:08:22-04:00,pre_open
2026-05-25,HYLN,4.2,5.99,42.62,20099923,123200940,2026-05-25T12:23:50-04:00,pre_open
2026-05-25,HOVR,2.48,3.14,26.61,8545050,37507156,2026-05-25T12:23:50-04:00,pre_open
2026-05-25,SIDU,4.13,5.12,23.97,40583051,36765507,2026-05-25T12:23:50-04:00,pre_open
2026-05-25,HYLN,4.2,5.99,42.62,20099923,123200940,2026-05-25T12:37:23-04:00,pre_open
2026-05-25,HOVR,2.48,3.14,26.61,8545050,37507156,2026-05-25T12:37:23-04:00,pre_open
2026-05-25,SIDU,4.13,5.12,23.97,40583051,36765507,2026-05-25T12:37:23-04:00,pre_open
2026-05-25,HYLN,4.2,5.99,42.62,20099923,123200940,2026-05-25T12:38:23-04:00,pre_open
2026-05-25,HOVR,2.48,3.14,26.61,8545050,37507156,2026-05-25T12:38:23-04:00,pre_open
2026-05-25,SIDU,4.13,5.12,23.97,40583051,36765507,2026-05-25T12:38:23-04:00,pre_open
2026-05-25,HYLN,4.2,5.99,42.62,20099923,123200940,2026-05-25T12:39:19-04:00,pre_open
2026-05-25,HOVR,2.48,3.14,26.61,8545050,37507156,2026-05-25T12:39:19-04:00,pre_open
2026-05-25,SIDU,4.13,5.12,23.97,40583051,36765507,2026-05-25T12:39:19-04:00,pre_open
2026-05-26,HTT,2.44,3.06,25.41,760056,86800373,2026-05-26T10:01:48-04:00,pre_open
2026-05-26,ASPI,5.5357,6.935,24.95,4892779,67114518,2026-05-26T10:01:48-04:00,pre_open
2026-05-26,TE,8.06,9.95,23.14,18590614,114352348,2026-05-26T10:01:48-04:00,pre_open
2026-05-26,MOD,260.52,317.98001,22.06,932993,51898044,2026-05-26T10:01:48-04:00,pre_open
2026-05-26,OUST,36.945,45.14,21.9,3115918,59179278,2026-05-26T10:01:48-04:00,pre_open
2026-05-26,HTT,2.44,3.06,25.41,869188,86800373,2026-05-26T10:17:52-04:00,pre_open
2026-05-26,ASPI,5.5413,6.84,23.24,5604214,67114518,2026-05-26T10:17:52-04:00,pre_open
2026-05-26,SLNH,1.71,2.085,21.93,13453476,111615718,2026-05-26T10:17:52-04:00,pre_open
2026-05-26,OUST,37.04,44.87,21.17,3689360,59179278,2026-05-26T10:17:52-04:00,pre_open
2026-05-26,MX,5.52,6.67,20.83,2123417,26723824,2026-05-26T10:17:52-04:00,pre_open
2026-05-26,FLY,49.67,59.71,20.63,4140132,138869447,2026-05-26T10:17:52-04:00,pre_open
2026-05-26,HTT,2.44,3.06,25.41,870344,86800373,2026-05-26T10:20:43-04:00,pre_open
2026-05-26,ASPI,5.55,6.87,23.78,5718514,67114518,2026-05-26T10:20:43-04:00,pre_open
2026-05-26,TE,8.0758,9.8057,21.36,24673514,114352348,2026-05-26T10:20:43-04:00,pre_open
2026-05-26,SLNH,1.71,2.074,21.29,13663448,111615718,2026-05-26T10:20:43-04:00,pre_open
2026-05-26,MX,5.52,6.66,20.65,2214193,26723824,2026-05-26T10:20:43-04:00,pre_open
2026-05-26,OUST,37.08,44.44,20.01,3749180,59179278,2026-05-26T10:20:43-04:00,pre_open
2026-05-26,HTT,2.44,3.045,24.8,899513,86800373,2026-05-26T10:29:55-04:00,pre_open
2026-05-26,TE,8.08,9.91,22.65,26117562,114352348,2026-05-26T10:29:55-04:00,pre_open
2026-05-26,ASPI,5.535,6.75,21.62,6255823,67114518,2026-05-26T10:29:55-04:00,pre_open
2026-05-26,SLNH,1.7138,2.065,20.76,14557712,111615718,2026-05-26T10:29:55-04:00,pre_open
2026-05-26,MOD,260.52,314.52,20.73,1279191,51898044,2026-05-26T10:29:55-04:00,pre_open
2026-05-26,MX,5.52,6.645,20.38,2298851,26723824,2026-05-26T10:29:55-04:00,pre_open
2026-05-26,MWC,5.28,7.179,35.97,881149,22628560,2026-05-26T11:08:22-04:00,pre_open
2026-05-26,HTT,2.44,3.02,23.77,988017,86800373,2026-05-26T11:08:22-04:00,pre_open
2026-05-26,TE,8.081,9.95,23.14,32848597,114352348,2026-05-26T11:08:22-04:00,pre_open
2026-05-26,SLNH,1.71,2.09,22.22,18466101,111615718,2026-05-26T11:08:22-04:00,pre_open
2026-05-26,MOD,260.52,317.45,21.85,1591390,51898044,2026-05-26T11:08:22-04:00,pre_open
2026-05-26,ATOM,9.2,11.23,21.54,1441352,30689619,2026-05-26T11:08:22-04:00,pre_open
2026-05-26,ASPI,5.5502,6.7052,20.81,7542882,67114518,2026-05-26T11:08:22-04:00,pre_open
2026-05-26,YSS,29.03,35.07,20.81,1285922,88053458,2026-05-26T11:08:22-04:00,pre_open
2026-05-26,HTT,2.44,3.04,24.59,1073037,86800373,2026-05-26T11:41:32-04:00,pre_open
2026-05-26,SLNH,1.71,2.115,23.68,21630979,111615718,2026-05-26T11:41:32-04:00,pre_open
2026-05-26,TE,8.08,9.955,23.21,35792031,114352348,2026-05-26T11:41:32-04:00,pre_open
2026-05-26,ATOM,9.245,11.105,20.18,1689384,30689619,2026-05-26T11:41:32-04:00,pre_open
2026-05-26,MWC,5.28,7.91,49.81,1704438,22628560,2026-05-26T11:49:13-04:00,pre_open
2026-05-26,HTT,2.44,3.035,24.39,1084918,86800373,2026-05-26T11:49:13-04:00,pre_open
2026-05-26,TE,8.09,10.025,24.07,36969052,114352348,2026-05-26T11:49:13-04:00,pre_open
2026-05-26,SLNH,1.71,2.105,23.1,22051266,111615718,2026-05-26T11:49:13-04:00,pre_open
2026-05-26,MWC,5.28,7.36,39.39,1861792,22628560,2026-05-26T11:55:04-04:00,pre_open
2026-05-27,APPS,4.81,6.9514,44.52,22977336,106117135,2026-05-27T10:07:32-04:00,pre_open
2026-05-27,EDIT,3.08,3.805,23.54,6141608,97445259,2026-05-27T10:07:32-04:00,pre_open
2026-05-27,QFIN,12.58,15.49,23.03,2785284,106924938,2026-05-27T10:07:32-04:00,pre_open
2026-05-27,APPS,4.81,6.94,44.28,26854356,106117135,2026-05-27T10:32:54-04:00,pre_open
2026-05-27,QFIN,12.605,15.53,23.35,3288591,106924938,2026-05-27T10:32:54-04:00,pre_open
2026-05-27,APPS,4.81,6.915,43.76,27016581,106117135,2026-05-27T10:34:13-04:00,pre_open
2026-05-27,QFIN,12.6065,15.47,22.88,3298796,106924938,2026-05-27T10:34:13-04:00,pre_open
2026-05-27,APPS,4.81,7.02,45.95,27755469,106117135,2026-05-27T10:40:45-04:00,pre_open
2026-05-27,QFIN,12.6089,15.24,21.05,3348822,106924938,2026-05-27T10:40:45-04:00,pre_open
2026-05-27,DY,420.47,544.37,29.47,599809,29631780,2026-05-27T11:12:28-04:00,pre_open
2026-05-27,QFIN,12.5863,15.7902,25.42,3763540,106924938,2026-05-27T11:12:28-04:00,pre_open
2026-05-27,QFIN,12.59,16.23,28.91,4289527,106924938,2026-05-27T11:42:06-04:00,pre_open
2026-05-27,DY,420.47,535.31,27.31,674659,29631780,2026-05-27T11:42:06-04:00,pre_open
2026-05-27,QFIN,12.59,16.14,28.2,4395601,106924938,2026-05-27T11:49:27-04:00,pre_open
2026-05-27,DY,420.47,530.825,26.25,689698,29631780,2026-05-27T11:49:27-04:00,pre_open
2026-05-27,QFIN,12.59,16.17,28.44,4449171,106924938,2026-05-27T11:55:10-04:00,pre_open
2026-05-27,DY,420.47,534.03,27.01,697674,29631780,2026-05-27T11:55:10-04:00,pre_open
2026-05-28,BRR,1.625,2.055,26.85,3785731,56557305,2026-05-28T10:15:21-04:00,pre_open
2026-05-28,RCAT,10.665,13.21,23.81,28949244,107681065,2026-05-28T10:15:21-04:00,pre_open
2026-05-28,ONDS,10.785,13.02,20.56,102629748,487399478,2026-05-28T10:15:21-04:00,pre_open
2026-05-28,RCAT,10.67,13.52,26.71,32910420,107681065,2026-05-28T10:39:23-04:00,pre_open
2026-05-28,BRR,1.62,2.02,24.69,4764820,56557305,2026-05-28T10:39:23-04:00,pre_open
2026-05-28,ONDS,10.805,13.07,21.02,117868673,487399478,2026-05-28T10:39:23-04:00,pre_open
2026-05-28,UMAC,18.85,27.71,47.16,23852419,29591266,2026-05-28T10:43:17-04:00,pre_open
2026-05-28,RCAT,10.66,13.42,25.77,33650886,107681065,2026-05-28T10:43:17-04:00,pre_open
2026-05-28,UMAC,18.835,27.82,47.74,24101197,29591266,2026-05-28T10:46:33-04:00,pre_open
2026-05-28,BRAI,10.79,14.36,33.09,501312,53102753,2026-05-28T10:46:33-04:00,pre_open
2026-05-28,RCAT,10.67,13.43,25.87,34099013,107681065,2026-05-28T10:46:33-04:00,pre_open
2026-05-28,BRR,1.62,2,23.46,4897732,56557305,2026-05-28T10:46:33-04:00,pre_open
2026-05-28,UMAC,18.815,27.355,45.27,26314522,29591266,2026-05-28T11:16:02-04:00,pre_open
2026-05-28,BRR,1.62,2.125,31.17,5844161,56557305,2026-05-28T11:16:02-04:00,pre_open
2026-05-28,BRAI,10.79,13.9004,28.83,538423,53102753,2026-05-28T11:16:02-04:00,pre_open
2026-05-28,RCAT,10.685,13.405,25.63,37197148,107681065,2026-05-28T11:16:02-04:00,pre_open
2026-05-28,AMPX,17.1,20.94,22.03,8810135,132922764,2026-05-28T11:16:02-04:00,pre_open
2026-05-28,RCAT,10.665,14.35,34.49,41723568,107681065,2026-05-28T11:42:31-04:00,pre_open
2026-05-28,BRAI,10.79,14.44,33.83,572114,53102753,2026-05-28T11:42:31-04:00,pre_open
2026-05-28,QTEX,2.1021,2.675,27.38,51778850,41912783,2026-05-28T11:42:31-04:00,pre_open
2026-05-28,BRR,1.625,2.04,25.93,6591496,56557305,2026-05-28T11:42:31-04:00,pre_open
2026-05-28,AMPX,17.17,21.3,24.13,10591809,132922764,2026-05-28T11:42:31-04:00,pre_open
2026-05-28,CRSR,9.8104,12.17,23.93,17245591,46657292,2026-05-28T11:42:31-04:00,pre_open
2026-05-28,ONDS,10.8057,13.185,22.08,153363089,487399478,2026-05-28T11:42:31-04:00,pre_open
2026-05-28,APPS,6.69,8.08,20.96,10223580,106792144,2026-05-28T11:42:31-04:00,pre_open
2026-05-28,RCAT,10.67,14.13,32.43,43662665,107681065,2026-05-28T11:50:20-04:00,pre_open
2026-05-28,BRAI,10.79,14.27,32.25,584320,53102753,2026-05-28T11:50:20-04:00,pre_open
2026-05-28,BRR,1.615,2.04,25.93,6645931,56557305,2026-05-28T11:50:20-04:00,pre_open
2026-05-28,QTEX,2.0968,2.63,25.24,53222322,41912783,2026-05-28T11:50:20-04:00,pre_open
2026-05-28,CRSR,9.82,12.225,24.49,17583412,46657292,2026-05-28T11:50:20-04:00,pre_open
2026-05-29,DELL,317.19,423.85,33.69,14260459,616095046,2026-05-29T10:01:36-04:00,pre_open
2026-05-29,NTAP,142.3465,190.0765,33.48,2538121,196208968,2026-05-29T10:01:36-04:00,pre_open
2026-05-29,MX,6.81,8.53,25.63,5782252,26723824,2026-05-29T10:01:36-04:00,pre_open
2026-05-29,OKTA,94.54,117.29,23.83,4233536,168561817,2026-05-29T10:01:36-04:00,pre_open
2026-05-29,PD,7.425,9.16,23.12,1563896,77945072,2026-05-29T10:01:36-04:00,pre_open
2026-05-29,TSSI,13.54,16.6,22.6,2761692,21189661,2026-05-29T10:01:36-04:00,pre_open
2026-05-29,CHA,10.1201,12.2,20.08,1317443,22088431,2026-05-29T10:01:36-04:00,pre_open
2026-05-29,NTAP,142.4,191.375,34.39,3081101,196208968,2026-05-29T10:20:12-04:00,pre_open
2026-05-29,DELL,317.25,413.82001,30.52,16728152,616095046,2026-05-29T10:20:12-04:00,pre_open
2026-05-29,TSSI,13.5434,16.615,22.71,3310609,21189661,2026-05-29T10:20:12-04:00,pre_open
2026-05-29,PD,7.44,9.12,22.58,2012253,77945072,2026-05-29T10:20:12-04:00,pre_open
2026-05-29,OKTA,94.73,116,22.47,5223261,168561817,2026-05-29T10:20:12-04:00,pre_open
2026-05-29,MX,6.8051,8.1701,20.33,6854929,26723824,2026-05-29T10:20:12-04:00,pre_open
2026-05-29,NTAP,142.26,190.82,34.0,3134655,196208968,2026-05-29T10:22:06-04:00,pre_open
2026-05-29,DELL,316.815,413.755,30.5,16954785,616095046,2026-05-29T10:22:06-04:00,pre_open
2026-05-29,OKTA,94.7551,116.0601,22.53,5353665,168561817,2026-05-29T10:22:06-04:00,pre_open
2026-05-29,PD,7.4278,9.115,22.51,2044725,77945072,2026-05-29T10:22:06-04:00,pre_open
2026-05-29,TSSI,13.54,16.58,22.45,3341104,21189661,2026-05-29T10:22:06-04:00,pre_open
2026-05-29,CHA,10.2,12.25,20.57,1807616,22088431,2026-05-29T10:22:06-04:00,pre_open
2026-05-29,NTAP,142.4,191.5,34.48,3443143,196208968,2026-05-29T10:30:08-04:00,pre_open
2026-05-29,DELL,317.8295,416.5795,31.39,17992506,616095046,2026-05-29T10:30:08-04:00,pre_open
2026-05-29,OKTA,94.64,118.02,24.6,5790139,168561817,2026-05-29T10:30:08-04:00,pre_open
2026-05-29,TSSI,13.54,16.73,23.56,3643865,21189661,2026-05-29T10:30:08-04:00,pre_open
2026-05-29,CHA,10.1685,12.5,23.03,2011210,22088431,2026-05-29T10:30:08-04:00,pre_open
2026-05-29,PD,7.43,9.04,21.51,2174993,77945072,2026-05-29T10:30:08-04:00,pre_open
2026-05-29,DELL,317.32,416.87,31.48,23489921,616095046,2026-05-29T11:13:44-04:00,pre_open
2026-05-29,NTAP,142.4,183.592,28.93,5201934,196208968,2026-05-29T11:13:44-04:00,pre_open
2026-05-29,OKTA,94.7,118.95,25.58,6821328,168561817,2026-05-29T11:13:44-04:00,pre_open
2026-05-29,PD,7.44,9.195,23.59,2997630,77945072,2026-05-29T11:13:44-04:00,pre_open
2026-05-29,CHA,10.16,12.5,23.03,2526938,22088431,2026-05-29T11:13:44-04:00,pre_open
2026-05-29,MX,6.8,8.17,20.32,8889723,26723824,2026-05-29T11:13:44-04:00,pre_open
2026-05-29,DELL,317.2499,408.9999,29.0,25652376,616095046,2026-05-29T11:41:31-04:00,pre_open
2026-05-29,MX,6.79,8.65,27.39,10592269,26723824,2026-05-29T11:41:31-04:00,pre_open
2026-05-29,NTAP,142.3776,178.845,25.59,5841740,196208968,2026-05-29T11:41:31-04:00,pre_open
2026-05-29,OKTA,94.9087,118.6087,25.22,7335918,168561817,2026-05-29T11:41:31-04:00,pre_open
2026-05-29,PD,7.4422,9.1572,23.08,3263070,77945072,2026-05-29T11:41:31-04:00,pre_open
2026-05-29,CHA,10.1642,12.32,21.26,2695547,22088431,2026-05-29T11:41:31-04:00,pre_open
2026-05-29,DELL,317.05,407.555,28.55,26047340,616095046,2026-05-29T11:49:07-04:00,pre_open
2026-05-29,PD,7.422,9.42,26.61,3567743,77945072,2026-05-29T11:49:07-04:00,pre_open
2026-05-29,OKTA,94.7,119.37,26.02,7451931,168561817,2026-05-29T11:49:07-04:00,pre_open
2026-05-29,MX,6.79,8.54,25.77,11320216,26723824,2026-05-29T11:49:07-04:00,pre_open
2026-05-29,NTAP,142.74,177.59,24.71,5989119,196208968,2026-05-29T11:49:07-04:00,pre_open
2026-05-29,CHA,10.1394,12.3694,21.75,2746139,22088431,2026-05-29T11:49:07-04:00,pre_open
2026-05-29,DELL,317.3449,407.70499,28.59,26298611,616095046,2026-05-29T11:54:55-04:00,pre_open
2026-05-29,PD,7.44,9.49,27.55,3646520,77945072,2026-05-29T11:54:55-04:00,pre_open
2026-05-29,MX,6.7999,8.59,26.51,11378175,26723824,2026-05-29T11:54:55-04:00,pre_open
2026-05-29,OKTA,94.75,119.23,25.88,7590553,168561817,2026-05-29T11:54:55-04:00,pre_open
2026-05-29,NTAP,142.25,177.63,24.74,6111155,196208968,2026-05-29T11:54:55-04:00,pre_open
2026-05-29,CHA,10.158,12.388,21.93,2767205,22088431,2026-05-29T11:54:55-04:00,pre_open
2026-05-29,CCCC,3.6586,4.3986,20.18,2742628,70284584,2026-05-29T11:54:55-04:00,pre_open
2026-06-01,FLNC,18.865,24.875,31.75,18565908,65716096,2026-06-01T11:01:45-04:00,pre_open
2026-06-01,TMHC,58.5,71.675,22.52,10852274,92699853,2026-06-01T11:01:45-04:00,pre_open
2026-06-01,ALOY,9.16,11.1202,21.4,2410856,48489527,2026-06-01T11:01:45-04:00,pre_open
2026-06-01,FLNC,18.865,26.2,38.77,22136423,65716096,2026-06-01T11:32:22-04:00,pre_open
2026-06-01,ALOY,9.125,11.35,23.91,2671561,48489527,2026-06-01T11:32:22-04:00,pre_open
2026-06-01,TMHC,58.5,71.62,22.43,12151969,92699853,2026-06-01T11:32:22-04:00,pre_open
2026-06-01,FLNC,18.88,26.16,38.56,22429963,65716096,2026-06-01T11:34:15-04:00,pre_open
2026-06-01,ALOY,9.16,11.45,25,2683008,48489527,2026-06-01T11:34:15-04:00,pre_open
2026-06-01,TMHC,58.5,71.61,22.41,12211713,92699853,2026-06-01T11:34:15-04:00,pre_open
2026-06-01,FLNC,18.88,25.8001,36.65,22820521,65716096,2026-06-01T11:40:53-04:00,pre_open
2026-06-01,ALOY,9.16,11.32,23.58,2728742,48489527,2026-06-01T11:40:53-04:00,pre_open
2026-06-01,TMHC,58.505,71.605,22.4,12370638,92699853,2026-06-01T11:40:53-04:00,pre_open
2026-06-01,FLNC,18.88,26.23,38.93,24463757,65716096,2026-06-01T12:06:37-04:00,pre_open
2026-06-01,ALOY,9.175,11.355,23.96,2862855,48489527,2026-06-01T12:06:37-04:00,pre_open
2026-06-01,TMHC,58.5,71.6,22.39,12888682,92699853,2026-06-01T12:06:37-04:00,pre_open
2026-06-01,ZIP,3.24,3.965,22.38,551824,60671256,2026-06-01T12:06:37-04:00,pre_open
2026-06-01,FLNC,18.88,26.28,39.19,25579118,65716096,2026-06-01T12:23:47-04:00,pre_open
2026-06-01,TMHC,58.495,71.6,22.39,13081337,92699853,2026-06-01T12:23:47-04:00,pre_open
2026-06-01,ALOY,9.16,11.145,21.67,2919336,48489527,2026-06-01T12:23:47-04:00,pre_open
2026-06-01,ZIP,3.24,3.91,20.68,609387,60671256,2026-06-01T12:23:47-04:00,pre_open
2026-06-01,ASAN,7.7,9.26,20.26,9106263,131164566,2026-06-01T12:23:47-04:00,pre_open
2026-06-02,HPE,47.025,58.93,25.38,50982409,1320936320,2026-06-02T10:25:13-04:00,pre_open
2026-06-02,MRVL,219.945,271.70499,23.82,43659815,868293237,2026-06-02T10:25:13-04:00,pre_open
2026-06-02,LEGN,25.375,31.255,22.52,3578781,178182956,2026-06-02T10:25:13-04:00,pre_open
2026-06-02,MRVL,219.35,275.25,25.44,47443931,868293237,2026-06-02T10:41:44-04:00,pre_open
2026-06-02,LEGN,25.4883,31.9982,25.43,4485467,178182956,2026-06-02T10:41:44-04:00,pre_open
2026-06-02,HPE,46.96,58.825,25.16,55297088,1320936320,2026-06-02T10:41:44-04:00,pre_open
2026-06-02,MX,7.83,9.56,22.17,3435269,26723824,2026-06-02T10:41:44-04:00,pre_open
2026-06-02,LEGN,25.4034,32.4834,27.34,4643473,178182956,2026-06-02T10:46:32-04:00,pre_open
2026-06-02,MRVL,219.35,278.5,26.92,49027472,868293237,2026-06-02T10:46:32-04:00,pre_open
2026-06-02,HPE,46.99,59.15,25.85,56454003,1320936320,2026-06-02T10:46:32-04:00,pre_open
2026-06-02,MX,7.833,9.49,21.28,3618744,26723824,2026-06-02T10:46:32-04:00,pre_open
2026-06-02,LEGN,25.51,33,29.36,5156814,178182956,2026-06-02T10:56:39-04:00,pre_open
2026-06-02,MRVL,219.3,275.43,25.52,51717298,868293237,2026-06-02T10:56:39-04:00,pre_open
2026-06-02,HPE,47.0099,58.8,25.11,59111333,1320936320,2026-06-02T10:56:39-04:00,pre_open
2026-06-02,URG,1.7074,2.1073,23.23,17518188,363212566,2026-06-02T10:56:39-04:00,pre_open
2026-06-02,MX,7.825,9.53,21.79,3864772,26723824,2026-06-02T10:56:39-04:00,pre_open
2026-06-02,LEGN,25.51,34.8827,36.74,6890551,178182956,2026-06-02T11:31:32-04:00,pre_open
2026-06-02,MRVL,219.4417,282.6391,28.81,58057209,868293237,2026-06-02T11:31:32-04:00,pre_open
2026-06-02,HPE,46.97,57.95,23.3,67139029,1320936320,2026-06-02T11:31:32-04:00,pre_open
2026-06-02,URG,1.71,2.095,22.51,25306113,363212566,2026-06-02T11:31:32-04:00,pre_open
2026-06-02,MX,7.825,9.56,22.17,4536101,26723824,2026-06-02T11:31:32-04:00,pre_open
2026-06-02,LWLG,11.0061,13.3268,20.93,7030477,151817743,2026-06-02T11:31:32-04:00,pre_open
2026-06-02,LEGN,25.51,34.305,34.48,7925969,178182956,2026-06-02T11:46:56-04:00,pre_open
2026-06-02,MRVL,219.43,282.81,28.88,61253912,868293237,2026-06-02T11:46:56-04:00,pre_open
2026-06-02,URG,1.71,2.095,22.51,27668433,363212566,2026-06-02T11:46:56-04:00,pre_open
2026-06-02,LWLG,11.0273,13.41,21.69,7296093,151817743,2026-06-02T11:46:56-04:00,pre_open
2026-06-02,HPE,47.0,57.0899,21.47,73201602,1320936320,2026-06-02T11:46:56-04:00,pre_open
2026-06-02,LEGN,25.51,33.4138,30.98,8042163,178182956,2026-06-02T11:51:57-04:00,pre_open
2026-06-02,MRVL,219.1532,282.0847,28.55,62119955,868293237,2026-06-02T11:51:57-04:00,pre_open
2026-06-02,HPE,46.9882,57.2282,21.76,74765487,1320936320,2026-06-02T11:51:57-04:00,pre_open
2026-06-02,URG,1.7001,2.08,21.64,27901132,363212566,2026-06-02T11:51:57-04:00,pre_open
2026-06-02,LWLG,11.02,13.33,20.96,7348290,151817743,2026-06-02T11:51:57-04:00,pre_open
2026-06-02,LEGN,25.51,33.385,30.87,8330947,178182956,2026-06-02T11:57:59-04:00,pre_open
2026-06-02,MRVL,219.333,282.83,28.89,63142365,868293237,2026-06-02T11:57:59-04:00,pre_open
2026-06-02,URG,1.7051,2.0701,21.06,28395088,363212566,2026-06-02T11:57:59-04:00,pre_open
2026-06-02,HPE,47.02,56.83,20.91,76516121,1320936320,2026-06-02T11:57:59-04:00,pre_open
2026-06-03,NVTS,25.82,32.19,24.48,52218469,209769252,2026-06-03T10:31:55-04:00,pre_open
2026-06-03,DRTS,8.93,10.87,21.72,1051132,59225863,2026-06-03T10:31:55-04:00,pre_open
2026-06-03,DRTS,8.93,10.72,20.04,1271502,59225863,2026-06-03T11:02:06-04:00,pre_open
2026-06-03,NVTS,25.87,31.86,23.2,68194280,209769252,2026-06-03T11:57:34-04:00,pre_open
2026-06-03,NVTS,25.89,32.1,24.13,70005860,209769252,2026-06-03T12:02:30-04:00,pre_open
2026-06-03,NVTS,25.86,32.5,25.68,70306814,209769252,2026-06-03T12:04:05-04:00,pre_open
2026-06-04,SPCE,4.2949,5.1799,20.74,21470845,62222762,2026-06-04T10:18:42-04:00,pre_open
2026-06-04,ABSI,5.94,7.145,20.29,2470855,133596397,2026-06-04T10:29:24-04:00,pre_open
2026-06-04,TLYS,4.44,5.38,21.17,1900895,29072918,2026-06-04T11:37:25-04:00,pre_open
2026-06-05,BBCP,7.96,11.24,40.85,1440131,20835159,2026-06-05T09:57:33-04:00,pre_open
2026-06-05,BBCP,7.98,11.62,45.61,1947535,20835159,2026-06-05T10:12:36-04:00,pre_open
2026-06-05,BBCP,7.98,11.44,43.36,2035466,20835159,2026-06-05T10:16:57-04:00,pre_open
2026-06-05,BBCP,7.98,11.54,44.61,2155690,20835159,2026-06-05T10:28:23-04:00,pre_open
2026-06-05,BBCP,7.98,11.325,41.92,2627249,20835159,2026-06-05T11:07:26-04:00,pre_open
2026-06-05,BBCP,7.98,11.49,43.98,2840787,20835159,2026-06-05T11:30:55-04:00,pre_open
2026-06-05,BBCP,7.99,11.4,42.86,2880775,20835159,2026-06-05T11:34:34-04:00,pre_open
2026-06-05,BBCP,7.98,11.4,42.86,2897965,20835159,2026-06-05T11:37:34-04:00,pre_open
2026-06-08,TNGX,20.22,27.21,34.57,8251914,76565411,2026-06-08T10:24:22-04:00,pre_open
2026-06-08,ENHA,2.4612,3.089,25.57,578870,56106222,2026-06-08T10:24:22-04:00,pre_open
2026-06-08,TNGX,20.22,26.76,32.34,8876133,76565411,2026-06-08T10:41:33-04:00,pre_open
2026-06-08,ENHA,2.46,3.14,27.64,791009,56106222,2026-06-08T10:41:33-04:00,pre_open
2026-06-08,ABAT,3.115,3.885,24.92,42093534,100564400,2026-06-08T10:41:33-04:00,pre_open
2026-06-08,ENHA,2.46,3.1993,30.05,886221,56106222,2026-06-08T10:45:37-04:00,pre_open
2026-06-08,TNGX,20.235,26.16,29.38,9311875,76565411,2026-06-08T10:45:37-04:00,pre_open
2026-06-08,ABAT,3.105,3.89,25.08,42322351,100564400,2026-06-08T10:45:37-04:00,pre_open
2026-06-08,ENHA,2.46,3.28,33.33,996476,56106222,2026-06-08T10:51:39-04:00,pre_open
2026-06-08,TNGX,20.195,26.39,30.51,9427201,76565411,2026-06-08T10:51:39-04:00,pre_open
2026-06-08,ABAT,3.1151,3.8901,25.08,42673026,100564400,2026-06-08T10:51:39-04:00,pre_open
2026-06-08,TNGX,20.1866,27.5466,36.23,10082087,76565411,2026-06-08T11:13:54-04:00,pre_open
2026-06-08,ENHA,2.46,3.315,34.76,1226222,56106222,2026-06-08T11:13:54-04:00,pre_open
2026-06-08,ABAT,3.1098,4.07,30.87,47504875,100564400,2026-06-08T11:13:54-04:00,pre_open
2026-06-08,GLXY,25.21,30.51,21.36,7773180,109346805,2026-06-08T11:13:54-04:00,pre_open
2026-06-08,TNGX,20.22,29.8805,47.78,11948295,76565411,2026-06-08T11:42:14-04:00,pre_open
2026-06-08,ENHA,2.46,3.31,34.55,1517268,56106222,2026-06-08T11:42:14-04:00,pre_open
2026-06-08,ABAT,3.115,4.16,33.76,50599028,100564400,2026-06-08T11:42:14-04:00,pre_open
2026-06-08,TNGX,20.1601,29.3165,44.99,12221075,76565411,2026-06-08T11:49:21-04:00,pre_open
2026-06-08,ENHA,2.46,3.3807,37.43,1569132,56106222,2026-06-08T11:49:21-04:00,pre_open
2026-06-08,ABAT,3.11,4.1401,33.12,51129376,100564400,2026-06-08T11:49:21-04:00,pre_open
2026-06-08,GLXY,25.14,30.6,21.72,10005129,109346805,2026-06-08T11:49:21-04:00,pre_open
2026-06-08,TNGX,20.22,29.09,43.87,12389813,76565411,2026-06-08T11:55:26-04:00,pre_open
2026-06-08,ENHA,2.46,3.4814,41.52,1699597,56106222,2026-06-08T11:55:26-04:00,pre_open
2026-06-08,ABAT,3.1119,4.175,34.24,52124425,100564400,2026-06-08T11:55:26-04:00,pre_open
2026-06-09,NUVL,88.49,122.925,38.91,6517659,48996877,2026-06-09T09:51:13-04:00,pre_open
2026-06-09,FCEL,15.495,19.1,23.23,4579912,52810277,2026-06-09T09:51:13-04:00,pre_open
2026-06-09,NUVL,88.49,122.865,38.85,29849814,48996877,2026-06-09T10:11:42-04:00,pre_open
2026-06-09,FCEL,15.485,18.78,21.16,6552672,52810277,2026-06-09T10:11:42-04:00,pre_open
2026-06-09,NUVL,88.49,122.87,38.85,30931452,48996877,2026-06-09T10:16:54-04:00,pre_open
2026-06-09,FCEL,15.49,18.67,20.45,6959458,52810277,2026-06-09T10:16:54-04:00,pre_open
2026-06-09,NUVL,88.49,122.835,38.81,33483434,48996877,2026-06-09T10:28:45-04:00,pre_open
2026-06-09,PAYO,5.14,6.38,24.12,10285220,268803833,2026-06-09T10:28:45-04:00,pre_open
2026-06-09,FCEL,15.5,18.97,22.39,7845427,52810277,2026-06-09T10:28:45-04:00,pre_open
2026-06-09,NUVL,88.49,122.905,38.89,40662446,48996877,2026-06-09T11:16:43-04:00,pre_open
2026-06-09,PAYO,5.14,6.555,27.53,24055071,268803833,2026-06-09T11:16:43-04:00,pre_open
2026-06-09,NUVL,88.495,122.92,38.91,42137141,48996877,2026-06-09T11:30:20-04:00,pre_open
2026-06-09,PAYO,5.14,6.565,27.72,27114499,268803833,2026-06-09T11:30:20-04:00,pre_open
2026-06-09,NUVL,88.49,122.99,38.99,42383351,48996877,2026-06-09T11:36:02-04:00,pre_open
2026-06-09,PAYO,5.14,6.585,28.11,28026315,268803833,2026-06-09T11:36:02-04:00,pre_open
2026-06-09,NUVL,88.49,123,39.0,42425169,48996877,2026-06-09T11:39:47-04:00,pre_open
2026-06-09,PAYO,5.145,6.56,27.63,28619205,268803833,2026-06-09T11:39:47-04:00,pre_open
2026-06-10,CBRL,36.3,47.25,30.17,3171780,20466832,2026-06-10T10:07:00-04:00,pre_open
2026-06-10,RXT,4.6601,5.8001,24.47,6934737,75464674,2026-06-10T10:07:00-04:00,pre_open
2026-06-10,QH,3.42,4.2,22.81,6402297,88049087,2026-06-10T10:07:00-04:00,pre_open
2026-06-10,CBRL,36.3,45.365,24.97,4360385,20466832,2026-06-10T10:30:09-04:00,pre_open
2026-06-10,RXT,4.6661,5.81,24.68,9981318,75464674,2026-06-10T10:30:09-04:00,pre_open
2026-06-10,CBRL,36.2643,45.3193,24.85,4404983,20466832,2026-06-10T10:31:45-04:00,pre_open
2026-06-10,RXT,4.6545,5.7325,23.02,10171603,75464674,2026-06-10T10:31:45-04:00,pre_open
2026-06-10,CBRL,36.3,45.62,25.67,4699409,20466832,2026-06-10T10:38:20-04:00,pre_open
2026-06-10,RXT,4.6603,5.6153,20.5,10690492,75464674,2026-06-10T10:38:20-04:00,pre_open
2026-06-10,CBRL,36.373,46.28,27.49,5399364,20466832,2026-06-10T11:12:09-04:00,pre_open
2026-06-10,QH,3.42,4.2438,24.09,6710215,88049087,2026-06-10T11:12:09-04:00,pre_open
2026-06-10,RXT,4.66,5.605,20.28,14376180,75464674,2026-06-10T11:12:09-04:00,pre_open
2026-06-10,CBRL,36.3,46.91,29.23,5920962,20466832,2026-06-10T11:41:15-04:00,pre_open
2026-06-10,RXT,4.665,5.68,21.89,16537929,75464674,2026-06-10T11:41:15-04:00,pre_open
2026-06-10,CBRL,36.2138,45.9038,26.46,6080601,20466832,2026-06-10T11:48:41-04:00,pre_open
2026-06-10,RXT,4.665,5.635,20.92,16805654,75464674,2026-06-10T11:48:41-04:00,pre_open
2026-06-10,QH,3.42,4.13,20.76,6776202,88049087,2026-06-10T11:48:41-04:00,pre_open
2026-06-10,CBRL,36.344,45.895,26.43,6223836,20466832,2026-06-10T11:55:00-04:00,pre_open
2026-06-10,RXT,4.6613,5.71,22.53,17148798,75464674,2026-06-10T11:55:00-04:00,pre_open
2026-06-10,QH,3.42,4.15,21.35,6780538,88049087,2026-06-10T11:55:00-04:00,pre_open
2026-06-11,SPCE,4.7015,5.6765,20.52,35781853,62222762,2026-06-11T10:39:27-04:00,pre_open
2026-06-11,SPCE,4.7087,5.6725,20.44,53461758,62222762,2026-06-11T11:50:10-04:00,pre_open
2026-06-15,BTQ,4.155,5.475,31.61,5136882,89715819,2026-06-15T11:02:20-04:00,pre_open
2026-06-15,BTQ,4.1701,5.72,37.5,6460370,89715819,2026-06-15T11:25:57-04:00,pre_open
2026-06-15,BTQ,4.1602,5.67,36.3,6532815,89715819,2026-06-15T11:27:58-04:00,pre_open
2026-06-15,BTQ,4.16,5.695,36.9,6700182,89715819,2026-06-15T11:32:33-04:00,pre_open
2026-06-15,BTQ,4.16,5.685,36.66,7480222,89715819,2026-06-15T12:02:20-04:00,pre_open
2026-06-15,BTQ,4.16,5.65,35.82,7733174,89715819,2026-06-15T12:12:54-04:00,pre_open
2026-06-16,LPRO,2.1,3.115,48.33,6582433,101914402,2026-06-16T10:35:58-04:00,pre_open
2026-06-16,LPRO,2.1,3.11,48.1,13047620,101914402,2026-06-16T11:09:47-04:00,pre_open
2026-06-16,AIBZ,6.25,7.67,22.72,543615,39989695,2026-06-16T11:09:47-04:00,pre_open
2026-06-16,LPRO,2.1,3.115,48.33,13073642,101914402,2026-06-16T11:13:29-04:00,pre_open
2026-06-16,AIBZ,6.25,7.675,22.8,556797,39989695,2026-06-16T11:13:29-04:00,pre_open
2026-06-16,LPRO,2.1,3.115,48.33,13420313,101914402,2026-06-16T11:21:44-04:00,pre_open
2026-06-16,AIBZ,6.25,7.6,21.6,572907,39989695,2026-06-16T11:21:44-04:00,pre_open
2026-06-16,LPRO,2.1,3.11,48.1,14384675,101914402,2026-06-16T11:44:05-04:00,pre_open
2026-06-16,AIBZ,6.25,7.675,22.8,596598,39989695,2026-06-16T11:44:05-04:00,pre_open
2026-06-16,LPRO,2.1,3.115,48.33,14628605,101914402,2026-06-16T12:03:16-04:00,pre_open
2026-06-16,AIBZ,6.25,7.645,22.32,602209,39989695,2026-06-16T12:03:16-04:00,pre_open
2026-06-16,LPRO,2.1,3.11,48.1,14905030,101914402,2026-06-16T12:06:48-04:00,pre_open
2026-06-16,AIBZ,6.25,7.6654,22.65,603318,39989695,2026-06-16T12:06:48-04:00,pre_open
2026-06-16,LPRO,2.1,3.115,48.33,15790127,101914402,2026-06-16T12:10:13-04:00,pre_open
2026-06-16,AIBZ,6.25,7.68,22.88,603806,39989695,2026-06-16T12:10:13-04:00,pre_open
2026-06-17,CLPT,13.34,17.89,34.11,4002615,26254963,2026-06-17T10:11:24-04:00,pre_open
2026-06-17,LZB,35.06,42.915,22.4,754679,40135519,2026-06-17T10:11:24-04:00,pre_open
2026-06-17,BRAI,7.49,10.2115,36.34,604907,53102753,2026-06-17T10:29:36-04:00,pre_open
2026-06-17,CLPT,13.34,17.915,34.3,4392664,26254963,2026-06-17T10:29:36-04:00,pre_open
